well_id,pad,date,oil_rate_bopd,gas_rate_mscfd,water_cut_pct,uptime_pct,choke_size_64in,tubing_pressure_psi,casing_pressure_psi,gor_scf_bbl,bhp_proxy_psi,artificial_lift_type,reservoir_zone,well_age_months,lateral_length_ft,completion_stage_count,event_flag,event_type,forecast_target_next_month_bopd
WELL_01,Pad_A,2023-01-01,1067.0,1552.4,12.4,96.4,30,1122,1592,1426,2410,ESP,Zone_A,6,6243,19,0,,1023.4
WELL_01,Pad_A,2023-02-01,1023.4,1478.9,14.1,95.2,31,1178,1556,1487,2342,ESP,Zone_A,7,6243,19,0,,1023.6
WELL_01,Pad_A,2023-03-01,1023.6,1463.7,13.0,95.3,31,1125,1501,1473,2396,ESP,Zone_A,8,6243,19,0,,1008.2
WELL_01,Pad_A,2023-04-01,1008.2,1437.9,15.0,97.6,34,1177,1487,1399,2352,ESP,Zone_A,9,6243,19,0,,992.0
WELL_01,Pad_A,2023-05-01,992.0,1401.9,15.5,96.8,31,1126,1578,1477,2406,ESP,Zone_A,10,6243,19,0,,940.2
WELL_01,Pad_A,2023-06-01,940.2,1400.6,15.8,95.6,32,1081,1530,1395,2452,ESP,Zone_A,11,6243,19,0,,954.6
WELL_01,Pad_A,2023-07-01,954.6,1361.6,15.7,96.1,30,1084,1562,1352,2404,ESP,Zone_A,12,6243,19,0,,897.0
WELL_01,Pad_A,2023-08-01,897.0,1316.0,16.0,93.7,32,1089,1499,1419,2349,ESP,Zone_A,13,6243,19,0,,934.2
WELL_01,Pad_A,2023-09-01,934.2,1320.0,16.6,97.3,28,1080,1479,1460,2443,ESP,Zone_A,14,6243,19,0,,973.2
WELL_01,Pad_A,2023-10-01,973.2,1374.1,18.0,95.6,34,1119,1444,1392,2340,ESP,Zone_A,15,6243,19,1,acid_job,934.5
WELL_01,Pad_A,2023-11-01,934.5,1320.9,17.4,95.5,29,1111,1526,1306,2392,ESP,Zone_A,16,6243,19,0,,891.1
WELL_01,Pad_A,2023-12-01,891.1,1260.5,20.2,94.9,29,1038,1528,1387,2325,ESP,Zone_A,17,6243,19,0,,878.7
WELL_01,Pad_A,2024-01-01,878.7,1261.5,17.8,97.0,33,1094,1532,1390,2301,ESP,Zone_A,18,6243,19,0,,832.1
WELL_01,Pad_A,2024-02-01,832.1,1220.0,20.8,96.6,29,1051,1440,1432,2421,ESP,Zone_A,19,6243,19,0,,821.2
WELL_01,Pad_A,2024-03-01,821.2,1199.9,23.7,,32,1110,1426,1436,2323,ESP,Zone_A,20,6243,19,0,,777.4
WELL_01,Pad_A,2024-04-01,777.4,1141.4,23.6,96.4,28,1104,1523,1364,2401,ESP,Zone_A,21,6243,19,0,,748.4
WELL_01,Pad_A,2024-05-01,748.4,1140.2,20.0,93.7,29,1101,1532,1384,2367,ESP,Zone_A,22,6243,19,0,,741.2
WELL_01,Pad_A,2024-06-01,741.2,1096.6,25.5,97.3,28,1099,1443,1367,2327,ESP,Zone_A,23,6243,19,0,,717.4
WELL_01,Pad_A,2024-07-01,717.4,1087.2,23.3,95.1,29,1070,1408,1509,2340,ESP,Zone_A,24,6243,19,0,,692.0
WELL_01,Pad_A,2024-08-01,692.0,1058.8,22.2,95.8,29,1024,1505,1487,2295,ESP,Zone_A,25,6243,19,0,,674.5
WELL_01,Pad_A,2024-09-01,674.5,1003.5,21.9,94.5,32,1057,1508,1480,2291,ESP,Zone_A,26,6243,19,0,,663.9
WELL_01,Pad_A,2024-10-01,663.9,993.8,23.1,95.1,30,1024,1421,1468,2388,ESP,Zone_A,27,6243,19,0,,604.1
WELL_01,Pad_A,2024-11-01,604.1,957.8,25.1,93.5,32,1050,1472,1438,2264,ESP,Zone_A,28,6243,19,0,,603.2
WELL_01,Pad_A,2024-12-01,603.2,921.6,29.3,94.5,30,981,1471,1490,2267,ESP,Zone_A,29,6243,19,0,,596.7
WELL_01,Pad_A,2025-01-01,596.7,930.4,29.4,94.5,28,1056,1446,1427,2264,ESP,Zone_A,30,6243,19,0,,582.7
WELL_01,Pad_A,2025-02-01,582.7,917.7,29.2,94.1,32,1044,1453,1541,2303,ESP,Zone_A,31,6243,19,0,,539.3
WELL_01,Pad_A,2025-03-01,539.3,860.5,29.4,,28,1010,1467,1515,2319,ESP,Zone_A,32,6243,19,0,,558.9
WELL_01,Pad_A,2025-04-01,558.9,903.0,25.2,94.6,27,967,1455,1549,2219,ESP,Zone_A,33,6243,19,0,,543.5
WELL_01,Pad_A,2025-05-01,543.5,892.3,25.6,96.1,30,1011,1470,1562,2268,ESP,Zone_A,34,6243,19,0,,501.6
WELL_01,Pad_A,2025-06-01,501.6,800.1,32.7,93.0,31,979,1436,1477,2236,ESP,Zone_A,35,6243,19,0,,500.1
WELL_01,Pad_A,2025-07-01,500.1,787.2,31.9,92.6,29,932,1434,1447,2261,ESP,Zone_A,36,6243,19,0,,516.4
WELL_01,Pad_A,2025-08-01,516.4,834.8,25.0,91.9,28,943,1395,1564,2254,ESP,Zone_A,37,6243,19,0,,525.5
WELL_01,Pad_A,2025-09-01,525.5,854.4,24.6,94.8,32,952,1430,1566,2296,ESP,Zone_A,38,6243,19,0,,486.3
WELL_01,Pad_A,2025-10-01,486.3,803.8,25.3,92.7,30,970,1374,1550,2311,ESP,Zone_A,39,6243,19,0,,496.2
WELL_01,Pad_A,2025-11-01,496.2,813.9,25.6,95.4,27,906,1381,1543,2339,ESP,Zone_A,40,6243,19,0,,455.6
WELL_01,Pad_A,2025-12-01,455.6,719.7,34.8,,30,976,1412,1449,2339,ESP,Zone_A,41,6243,19,0,,
WELL_02,Pad_A,2023-01-01,1075.0,1405.7,16.0,94.9,33,1190,1492,1342,2438,GasLift,Zone_B,8,6556,25,0,,1027.8
WELL_02,Pad_A,2023-02-01,1027.8,1376.1,17.5,94.5,33,1154,1534,1254,2449,GasLift,Zone_B,9,6556,25,0,,1004.0
WELL_02,Pad_A,2023-03-01,1004.0,1309.5,17.5,94.3,31,1156,1517,1185,2465,GasLift,Zone_B,10,6556,25,0,,1014.6
WELL_02,Pad_A,2023-04-01,1014.6,1338.0,18.0,96.4,30,1086,1581,1191,2438,GasLift,Zone_B,11,6556,25,0,,994.1
WELL_02,Pad_A,2023-05-01,994.1,1299.0,18.4,96.8,29,1102,1547,1223,2410,GasLift,Zone_B,12,6556,25,0,,968.4
WELL_02,Pad_A,2023-06-01,968.4,1275.6,18.8,96.4,30,1098,1474,1202,2327,GasLift,Zone_B,13,6556,25,0,,943.0
WELL_02,Pad_A,2023-07-01,943.0,1221.0,17.8,96.4,34,1122,1489,1186,2335,GasLift,Zone_B,14,6556,25,0,,950.8
WELL_02,Pad_A,2023-08-01,950.8,1226.2,20.0,97.6,31,1133,1467,1308,2381,GasLift,Zone_B,15,6556,25,0,,880.4
WELL_02,Pad_A,2023-09-01,880.4,1117.7,19.7,93.2,33,1104,1546,1234,2306,GasLift,Zone_B,16,6556,25,0,,892.2
WELL_02,Pad_A,2023-10-01,892.2,1164.1,21.2,97.6,29,1128,1516,1298,2327,GasLift,Zone_B,17,6556,25,0,,819.0
WELL_02,Pad_A,2023-11-01,819.0,1101.4,22.4,93.9,31,1103,1528,1325,2320,GasLift,Zone_B,18,6556,25,0,,822.0
WELL_02,Pad_A,2023-12-01,822.0,1067.3,21.2,92.9,30,1099,1470,1214,2400,GasLift,Zone_B,19,6556,25,0,,809.3
WELL_02,Pad_A,2024-01-01,809.3,1075.5,23.9,95.4,31,1124,1483,1268,2386,GasLift,Zone_B,20,6556,25,0,,815.4
WELL_02,Pad_A,2024-02-01,815.4,1059.8,21.6,96.2,31,1055,1442,1296,2390,GasLift,Zone_B,21,6556,25,0,,771.7
WELL_02,Pad_A,2024-03-01,771.7,1049.4,22.5,94.9,29,1046,1434,1346,2409,GasLift,Zone_B,22,6556,25,0,,716.9
WELL_02,Pad_A,2024-04-01,716.9,972.6,25.4,92.8,32,1058,1498,1346,2293,GasLift,Zone_B,23,6556,25,0,,735.9
WELL_02,Pad_A,2024-05-01,735.9,989.3,22.4,94.1,31,1098,1455,1318,2306,GasLift,Zone_B,24,6556,25,0,,688.4
WELL_02,Pad_A,2024-06-01,688.4,934.7,24.6,94.0,33,1041,1473,1373,2365,GasLift,Zone_B,25,6556,25,0,,683.3
WELL_02,Pad_A,2024-07-01,683.3,909.5,26.0,95.0,32,1014,1473,1372,2323,GasLift,Zone_B,26,6556,25,0,,633.9
WELL_02,Pad_A,2024-08-01,633.9,864.1,28.1,93.2,30,1042,1415,1391,2399,GasLift,Zone_B,27,6556,25,0,,622.8
WELL_02,Pad_A,2024-09-01,622.8,903.0,27.2,94.4,29,1067,1517,1280,2333,GasLift,Zone_B,28,6556,25,0,,578.2
WELL_02,Pad_A,2024-10-01,578.2,824.1,31.1,93.1,31,1012,1508,1331,2374,GasLift,Zone_B,29,6556,25,0,,555.4
WELL_02,Pad_A,2024-11-01,555.4,792.2,33.0,92.8,30,997,1458,1346,2308,GasLift,Zone_B,30,6556,25,0,,585.0
WELL_02,Pad_A,2024-12-01,585.0,850.6,30.4,96.0,27,1038,1472,1397,2292,GasLift,Zone_B,31,6556,25,0,,557.1
WELL_02,Pad_A,2025-01-01,557.1,819.6,29.1,94.9,30,1046,1488,1344,2311,GasLift,Zone_B,32,6556,25,0,,547.3
WELL_02,Pad_A,2025-02-01,547.3,800.6,31.2,94.6,32,982,1463,1384,2362,GasLift,Zone_B,33,6556,25,0,,553.9
WELL_02,Pad_A,2025-03-01,553.9,793.5,28.4,95.2,32,948,1384,1387,2369,GasLift,Zone_B,34,6556,25,0,,526.2
WELL_02,Pad_A,2025-04-01,526.2,768.2,26.0,95.7,29,1014,1480,1298,2343,GasLift,Zone_B,35,6556,25,0,,515.6
WELL_02,Pad_A,2025-05-01,515.6,719.1,31.8,95.4,27,937,1472,1393,2244,GasLift,Zone_B,36,6556,25,0,,480.6
WELL_02,Pad_A,2025-06-01,480.6,689.9,28.8,85.1,31,998,1382,1331,2258,GasLift,Zone_B,37,6556,25,1,pump_change,514.7
WELL_02,Pad_A,2025-07-01,514.7,703.9,30.4,92.1,28,972,1388,1360,2292,GasLift,Zone_B,38,6556,25,0,,489.7
WELL_02,Pad_A,2025-08-01,489.7,685.2,35.6,94.6,30,987,1361,1371,2274,GasLift,Zone_B,39,6556,25,0,,467.2
WELL_02,Pad_A,2025-09-01,467.2,703.2,35.3,94.8,30,974,1438,1383,2328,GasLift,Zone_B,40,6556,25,0,,446.3
WELL_02,Pad_A,2025-10-01,446.3,673.1,32.6,94.3,30,911,1383,1399,2211,GasLift,Zone_B,41,6556,25,0,,433.0
WELL_02,Pad_A,2025-11-01,433.0,625.3,36.1,94.6,27,978,1401,1409,2303,GasLift,Zone_B,42,6556,25,0,,455.1
WELL_02,Pad_A,2025-12-01,455.1,619.1,30.4,94.6,30,995,1456,1407,2234,GasLift,Zone_B,43,6556,25,0,,
WELL_03,Pad_A,2023-01-01,953.4,1476.3,18.1,96.5,32,1187,1592,1381,2369,RodPump,Zone_C,10,7003,27,0,,931.3
WELL_03,Pad_A,2023-02-01,931.3,1359.6,18.7,93.6,33,1190,1512,1425,2349,RodPump,Zone_C,11,7003,27,0,,904.6
WELL_03,Pad_A,2023-03-01,904.6,1319.0,18.6,93.8,31,1159,1561,1508,2392,RodPump,Zone_C,12,7003,27,0,,897.2
WELL_03,Pad_A,2023-04-01,897.2,1297.0,19.5,95.1,34,1087,1512,1424,2478,RodPump,Zone_C,13,7003,27,0,,859.4
WELL_03,Pad_A,2023-05-01,859.4,1282.2,20.5,94.7,31,1096,1478,1486,2389,RodPump,Zone_C,14,7003,27,0,,820.1
WELL_03,Pad_A,2023-06-01,820.1,1257.3,19.5,94.1,29,1131,1468,1471,2342,RodPump,Zone_C,15,7003,27,0,,801.3
WELL_03,Pad_A,2023-07-01,801.3,1159.1,19.5,92.9,33,1080,1471,1388,2332,RodPump,Zone_C,16,7003,27,0,,776.5
WELL_03,Pad_A,2023-08-01,776.5,1180.2,22.7,94.5,29,1062,1541,1432,2425,RodPump,Zone_C,17,7003,27,0,,803.8
WELL_03,Pad_A,2023-09-01,803.8,1151.3,21.1,97.3,28,1135,1552,1432,2371,RodPump,Zone_C,18,7003,27,0,,732.4
WELL_03,Pad_A,2023-10-01,732.4,1119.3,22.7,95.0,33,1053,1453,1448,2300,RodPump,Zone_C,19,7003,27,0,,724.1
WELL_03,Pad_A,2023-11-01,724.1,1097.1,,95.0,30,1103,1451,1466,2429,RodPump,Zone_C,20,7003,27,0,,695.2
WELL_03,Pad_A,2023-12-01,695.2,1033.9,22.1,93.8,30,1082,1485,1374,2353,RodPump,Zone_C,21,7003,27,0,,675.5
WELL_03,Pad_A,2024-01-01,675.5,1032.6,26.3,96.8,28,1034,1520,1494,2370,RodPump,Zone_C,22,7003,27,0,,655.6
WELL_03,Pad_A,2024-02-01,655.6,1012.1,22.6,95.8,32,1114,1514,1526,2373,RodPump,Zone_C,23,7003,27,0,,621.3
WELL_03,Pad_A,2024-03-01,621.3,967.7,27.2,93.2,32,1052,1515,1470,2404,RodPump,Zone_C,24,7003,27,0,,576.8
WELL_03,Pad_A,2024-04-01,576.8,899.3,26.0,92.5,33,1094,1452,1416,2381,RodPump,Zone_C,25,7003,27,0,,563.9
WELL_03,Pad_A,2024-05-01,563.9,883.9,28.9,94.3,28,1065,1419,1516,2294,RodPump,Zone_C,26,7003,27,0,,544.7
WELL_03,Pad_A,2024-06-01,544.7,885.2,28.8,94.8,28,999,1430,1506,2368,RodPump,Zone_C,27,7003,27,0,,553.3
WELL_03,Pad_A,2024-07-01,553.3,845.0,27.3,96.1,28,1035,1441,1526,2331,RodPump,Zone_C,28,7003,27,0,,521.5
WELL_03,Pad_A,2024-08-01,521.5,806.6,29.0,94.1,28,996,1434,1481,2245,RodPump,Zone_C,29,7003,27,0,,516.3
WELL_03,Pad_A,2024-09-01,516.3,835.4,30.8,96.1,32,982,1503,1446,2243,RodPump,Zone_C,30,7003,27,0,,487.1
WELL_03,Pad_A,2024-10-01,487.1,801.0,,93.9,28,972,1434,1578,2340,RodPump,Zone_C,31,7003,27,0,,444.1
WELL_03,Pad_A,2024-11-01,444.1,757.9,32.4,95.1,30,1002,1429,1515,2287,RodPump,Zone_C,32,7003,27,0,,429.2
WELL_03,Pad_A,2024-12-01,429.2,736.6,31.3,93.2,31,1044,1485,1508,2251,RodPump,Zone_C,33,7003,27,0,,435.2
WELL_03,Pad_A,2025-01-01,435.2,734.5,33.0,96.0,30,1029,1475,1552,2379,RodPump,Zone_C,34,7003,27,0,,446.2
WELL_03,Pad_A,2025-02-01,446.2,719.3,33.8,89.1,29,974,1412,1401,2303,RodPump,Zone_C,35,7003,27,1,workover,468.4
WELL_03,Pad_A,2025-03-01,468.4,765.5,35.1,96.5,31,1000,1436,1492,2307,RodPump,Zone_C,36,7003,27,0,,410.0
WELL_03,Pad_A,2025-04-01,410.0,697.3,35.8,93.1,29,945,1379,1455,2361,RodPump,Zone_C,37,7003,27,0,,415.1
WELL_03,Pad_A,2025-05-01,415.1,676.8,29.6,94.2,29,987,1387,1515,2252,RodPump,Zone_C,38,7003,27,0,,383.2
WELL_03,Pad_A,2025-06-01,383.2,643.0,36.7,91.8,27,988,1398,1585,2311,RodPump,Zone_C,39,7003,27,0,,359.5
WELL_03,Pad_A,2025-07-01,359.5,612.5,35.9,93.8,32,987,1407,1575,2354,RodPump,Zone_C,40,7003,27,0,,343.9
WELL_03,Pad_A,2025-08-01,343.9,590.8,38.1,95.2,30,976,1419,1590,2262,RodPump,Zone_C,41,7003,27,0,,356.9
WELL_03,Pad_A,2025-09-01,356.9,604.7,32.6,93.1,27,922,1361,1627,2203,RodPump,Zone_C,42,7003,27,0,,360.2
WELL_03,Pad_A,2025-10-01,360.2,568.5,29.8,95.4,27,944,1367,1627,2312,RodPump,Zone_C,43,7003,27,0,,308.2
WELL_03,Pad_A,2025-11-01,308.2,555.3,35.4,92.2,28,921,1433,1567,2267,RodPump,Zone_C,44,7003,27,0,,320.4
WELL_03,Pad_A,2025-12-01,320.4,545.8,42.5,96.1,31,926,1373,1555,2262,RodPump,Zone_C,45,7003,27,0,,
WELL_04,Pad_A,2023-01-01,975.8,1393.3,17.8,96.3,34,1159,1492,1404,2474,ESP,Zone_A,12,7613,33,0,,926.5
WELL_04,Pad_A,2023-02-01,926.5,1320.3,18.5,95.3,34,1118,1530,1322,2330,ESP,Zone_A,13,7613,33,0,,885.6
WELL_04,Pad_A,2023-03-01,885.6,1269.0,20.2,93.3,34,1176,1549,1390,2344,ESP,Zone_A,14,7613,33,0,,896.0
WELL_04,Pad_A,2023-04-01,896.0,1241.4,18.7,95.2,28,1091,1498,1394,2409,ESP,Zone_A,15,7613,33,0,,846.0
WELL_04,Pad_A,2023-05-01,846.0,1149.4,20.2,93.3,31,1160,1518,1276,2465,ESP,Zone_A,16,7613,33,0,,849.3
WELL_04,Pad_A,2023-06-01,849.3,1137.8,20.6,95.1,32,1096,1509,1363,2322,ESP,Zone_A,17,7613,33,0,,787.4
WELL_04,Pad_A,2023-07-01,787.4,1142.2,21.3,,30,1113,1532,1413,2346,ESP,Zone_A,18,7613,33,0,,812.0
WELL_04,Pad_A,2023-08-01,812.0,1149.2,22.5,96.5,32,1092,1457,1319,2436,ESP,Zone_A,19,7613,33,1,scale_cleanup,777.5
WELL_04,Pad_A,2023-09-01,777.5,1066.3,24.0,96.6,28,1132,1502,1285,2301,ESP,Zone_A,20,7613,33,0,,758.9
WELL_04,Pad_A,2023-10-01,758.9,1028.9,22.4,95.1,29,1124,1466,1302,2422,ESP,Zone_A,21,7613,33,0,,739.4
WELL_04,Pad_A,2023-11-01,739.4,1014.6,23.8,96.0,33,1080,1556,1331,2369,ESP,Zone_A,22,7613,33,0,,677.9
WELL_04,Pad_A,2023-12-01,677.9,974.5,25.1,95.8,32,1088,1474,1272,2392,ESP,Zone_A,23,7613,33,0,,653.9
WELL_04,Pad_A,2024-01-01,653.9,884.6,26.0,92.9,33,1062,1551,1311,2442,ESP,Zone_A,24,7613,33,0,,620.6
WELL_04,Pad_A,2024-02-01,620.6,925.1,24.4,95.6,33,1036,1500,1400,2277,ESP,Zone_A,25,7613,33,0,,609.4
WELL_04,Pad_A,2024-03-01,609.4,871.1,25.6,95.3,31,1114,1468,1407,2364,ESP,Zone_A,26,7613,33,0,,590.4
WELL_04,Pad_A,2024-04-01,590.4,887.0,24.6,96.2,30,1050,1487,1336,2306,ESP,Zone_A,27,7613,33,0,,539.8
WELL_04,Pad_A,2024-05-01,539.8,807.8,29.4,93.0,32,1045,1523,1375,2272,ESP,Zone_A,28,7613,33,0,,318.2
WELL_04,Pad_A,2024-06-01,318.2,502.4,26.9,72.6,32,1070,1523,1573,2388,ESP,Zone_A,29,7613,33,1,shut_in,401.1
WELL_04,Pad_A,2024-07-01,401.1,659.5,27.3,92.2,30,1030,1504,1530,2353,ESP,Zone_A,30,7613,33,0,,427.6
WELL_04,Pad_A,2024-08-01,427.6,670.0,31.7,95.8,32,988,1520,1527,2320,ESP,Zone_A,31,7613,33,0,,390.9
WELL_04,Pad_A,2024-09-01,390.9,628.9,31.6,92.9,33,1018,1509,1423,2261,ESP,Zone_A,32,7613,33,0,,401.4
WELL_04,Pad_A,2024-10-01,401.4,652.9,32.0,96.7,32,1056,1426,1511,2329,ESP,Zone_A,33,7613,33,0,,414.1
WELL_04,Pad_A,2024-11-01,414.1,674.6,29.7,96.9,28,1033,1478,1505,2374,ESP,Zone_A,34,7613,33,0,,408.4
WELL_04,Pad_A,2024-12-01,408.4,626.2,27.9,94.6,31,1044,1437,1512,2311,ESP,Zone_A,35,7613,33,0,,395.5
WELL_04,Pad_A,2025-01-01,395.5,598.7,31.6,90.3,27,958,1436,1448,2256,ESP,Zone_A,36,7613,33,1,pump_change,381.9
WELL_04,Pad_A,2025-02-01,381.9,603.1,33.5,,27,981,1447,1434,2296,ESP,Zone_A,37,7613,33,0,,374.6
WELL_04,Pad_A,2025-03-01,374.6,615.6,30.3,94.9,28,1033,1395,1445,2311,ESP,Zone_A,38,7613,33,0,,347.9
WELL_04,Pad_A,2025-04-01,347.9,539.0,33.2,93.3,27,1032,1432,1556,2245,ESP,Zone_A,39,7613,33,0,,340.1
WELL_04,Pad_A,2025-05-01,340.1,530.0,37.7,93.8,29,1010,1419,1550,2327,ESP,Zone_A,40,7613,33,0,,336.3
WELL_04,Pad_A,2025-06-01,336.3,512.3,36.0,94.7,27,972,1455,1458,2367,ESP,Zone_A,41,7613,33,0,,299.6
WELL_04,Pad_A,2025-07-01,299.6,490.0,33.1,92.8,32,,1383,1498,2280,ESP,Zone_A,42,7613,33,0,,316.8
WELL_04,Pad_A,2025-08-01,316.8,489.3,34.7,94.5,29,943,1429,1445,2358,ESP,Zone_A,43,7613,33,0,,291.5
WELL_04,Pad_A,2025-09-01,291.5,492.2,40.5,94.8,28,982,1396,1527,2352,ESP,Zone_A,44,7613,33,0,,284.5
WELL_04,Pad_A,2025-10-01,284.5,443.9,39.2,94.5,31,975,1441,1512,2304,ESP,Zone_A,45,7613,33,0,,258.8
WELL_04,Pad_A,2025-11-01,258.8,415.6,39.0,91.5,30,891,1457,1435,2180,ESP,Zone_A,46,7613,33,0,,266.8
WELL_04,Pad_A,2025-12-01,266.8,453.1,36.3,95.2,31,962,1347,1437,2207,ESP,Zone_A,47,7613,33,0,,
WELL_05,Pad_A,2023-01-01,948.7,1266.2,21.4,97.6,31,1133,1572,1312,2439,GasLift,Zone_B,14,8087,35,0,,887.7
WELL_05,Pad_A,2023-02-01,887.7,1185.3,23.3,94.3,34,1121,1510,1226,2445,GasLift,Zone_B,15,8087,35,0,,882.3
WELL_05,Pad_A,2023-03-01,882.3,1150.0,,93.8,32,1123,1589,1319,2483,GasLift,Zone_B,16,8087,35,0,,875.4
WELL_05,Pad_A,2023-04-01,875.4,1135.7,24.1,95.2,30,1127,1492,1271,2475,GasLift,Zone_B,17,8087,35,0,,847.6
WELL_05,Pad_A,2023-05-01,847.6,1161.0,23.3,96.3,31,1138,1470,1247,2433,GasLift,Zone_B,18,8087,35,0,,826.4
WELL_05,Pad_A,2023-06-01,826.4,1114.3,25.7,94.8,34,1157,1517,1211,2471,GasLift,Zone_B,19,8087,35,0,,816.1
WELL_05,Pad_A,2023-07-01,816.1,1120.0,25.3,95.5,32,1158,1565,1205,2452,GasLift,Zone_B,20,8087,35,0,,808.3
WELL_05,Pad_A,2023-08-01,808.3,1119.0,25.1,97.3,34,1150,1557,1178,2395,GasLift,Zone_B,21,8087,35,0,,764.7
WELL_05,Pad_A,2023-09-01,764.7,1035.4,27.5,95.2,33,1134,1504,1207,2313,GasLift,Zone_B,22,8087,35,0,,796.0
WELL_05,Pad_A,2023-10-01,796.0,1043.6,25.0,96.4,31,1121,1465,1314,2441,GasLift,Zone_B,23,8087,35,0,,750.6
WELL_05,Pad_A,2023-11-01,750.6,972.6,28.6,93.6,30,1059,1471,1217,2413,GasLift,Zone_B,24,8087,35,0,,763.3
WELL_05,Pad_A,2023-12-01,763.3,1011.6,25.5,95.9,28,1043,1472,1247,2365,GasLift,Zone_B,25,8087,35,0,,717.0
WELL_05,Pad_A,2024-01-01,717.0,952.7,26.9,93.8,31,1047,1448,1211,2403,GasLift,Zone_B,26,8087,35,0,,699.0
WELL_05,Pad_A,2024-02-01,699.0,961.4,28.1,95.7,29,1041,1518,1331,2285,GasLift,Zone_B,27,8087,35,0,,664.5
WELL_05,Pad_A,2024-03-01,664.5,909.6,30.2,95.4,30,1069,1441,1250,2355,GasLift,Zone_B,28,8087,35,0,,690.7
WELL_05,Pad_A,2024-04-01,690.7,939.9,27.6,96.3,30,1060,1474,1213,2341,GasLift,Zone_B,29,8087,35,0,,616.0
WELL_05,Pad_A,2024-05-01,616.0,902.4,31.9,94.9,28,1030,1423,1370,2416,GasLift,Zone_B,30,8087,35,0,,644.6
WELL_05,Pad_A,2024-06-01,644.6,901.0,30.5,95.7,33,1059,1462,1378,2318,GasLift,Zone_B,31,8087,35,0,,606.8
WELL_05,Pad_A,2024-07-01,606.8,828.2,32.2,94.7,31,1019,1429,1313,2338,GasLift,Zone_B,32,8087,35,0,,600.7
WELL_05,Pad_A,2024-08-01,600.7,878.3,29.3,95.6,30,1038,1502,1276,2303,GasLift,Zone_B,33,8087,35,0,,562.0
WELL_05,Pad_A,2024-09-01,562.0,824.8,30.3,93.9,31,1068,1401,1278,2257,GasLift,Zone_B,34,8087,35,0,,557.5
WELL_05,Pad_A,2024-10-01,557.5,822.4,30.2,93.8,28,993,1499,1262,2321,GasLift,Zone_B,35,8087,35,0,,338.6
WELL_05,Pad_A,2024-11-01,338.6,595.7,34.1,79.3,29,975,1471,1448,2282,GasLift,Zone_B,36,8087,35,1,shut_in,410.6
WELL_05,Pad_A,2024-12-01,410.6,663.1,38.4,93.9,30,1049,1500,1488,2360,GasLift,Zone_B,37,8087,35,0,,443.4
WELL_05,Pad_A,2025-01-01,443.4,713.4,34.7,93.9,32,979,1468,1489,2377,GasLift,Zone_B,38,8087,35,0,,438.2
WELL_05,Pad_A,2025-02-01,438.2,676.4,32.8,93.2,30,1042,1481,1361,2340,GasLift,Zone_B,39,8087,35,0,,423.6
WELL_05,Pad_A,2025-03-01,423.6,689.6,36.7,92.3,31,1009,1443,1413,2360,GasLift,Zone_B,40,8087,35,0,,428.2
WELL_05,Pad_A,2025-04-01,428.2,646.1,42.4,91.7,32,972,1401,1426,2243,GasLift,Zone_B,41,8087,35,0,,435.6
WELL_05,Pad_A,2025-05-01,435.6,685.2,37.1,93.4,28,977,1427,1339,2370,GasLift,Zone_B,42,8087,35,0,,437.0
WELL_05,Pad_A,2025-06-01,437.0,655.1,36.1,90.4,27,945,1476,1372,2270,GasLift,Zone_B,43,8087,35,1,pump_change,438.4
WELL_05,Pad_A,2025-07-01,438.4,643.7,43.0,94.7,30,931,1458,1439,2304,GasLift,Zone_B,44,8087,35,0,,461.0
WELL_05,Pad_A,2025-08-01,461.0,688.6,35.2,93.5,31,966,1433,1296,2196,GasLift,Zone_B,45,8087,35,0,,426.5
WELL_05,Pad_A,2025-09-01,426.5,649.3,43.1,95.6,27,967,1353,1368,2249,GasLift,Zone_B,46,8087,35,0,,409.3
WELL_05,Pad_A,2025-10-01,409.3,645.6,40.0,91.5,29,893,1411,1305,2347,GasLift,Zone_B,47,8087,35,1,scale_cleanup,389.2
WELL_05,Pad_A,2025-11-01,389.2,589.9,44.4,91.2,27,895,1367,1349,2315,GasLift,Zone_B,48,8087,35,0,,432.8
WELL_05,Pad_A,2025-12-01,432.8,603.2,39.5,95.9,27,952,1441,1371,2318,GasLift,Zone_B,49,8087,35,0,,
WELL_06,Pad_A,2023-01-01,881.2,1177.6,21.5,93.3,30,1149,1532,1366,2426,RodPump,Zone_C,16,8369,19,0,,901.0
WELL_06,Pad_A,2023-02-01,901.0,1226.5,20.8,97.3,34,1141,1481,1249,2482,RodPump,Zone_C,17,8369,19,0,,855.1
WELL_06,Pad_A,2023-03-01,855.1,1181.3,,97.7,32,1163,1557,1297,2334,RodPump,Zone_C,18,8369,19,0,,840.7
WELL_06,Pad_A,2023-04-01,840.7,1107.8,22.8,94.6,33,1093,1586,1345,2401,RodPump,Zone_C,19,8369,19,0,,836.5
WELL_06,Pad_A,2023-05-01,836.5,1126.5,23.9,96.7,34,1113,1556,1231,2358,RodPump,Zone_C,20,8369,19,0,,475.4
WELL_06,Pad_A,2023-06-01,475.4,761.1,26.2,76.3,29,1128,1555,1486,2321,RodPump,Zone_C,21,8369,19,1,shut_in,610.7
WELL_06,Pad_A,2023-07-01,610.7,925.7,26.1,93.5,28,1090,1499,1374,2325,RodPump,Zone_C,22,8369,19,0,,642.8
WELL_06,Pad_A,2023-08-01,642.8,922.3,26.3,94.7,29,1116,1490,1365,2348,RodPump,Zone_C,23,8369,19,0,,633.7
WELL_06,Pad_A,2023-09-01,633.7,937.2,27.4,95.4,29,1085,1464,1332,2377,RodPump,Zone_C,24,8369,19,0,,640.1
WELL_06,Pad_A,2023-10-01,640.1,951.5,26.3,94.2,29,1106,1515,1302,2307,RodPump,Zone_C,25,8369,19,0,,633.1
WELL_06,Pad_A,2023-11-01,633.1,937.4,27.0,94.1,30,1119,1543,1418,2308,RodPump,Zone_C,26,8369,19,0,,651.9
WELL_06,Pad_A,2023-12-01,651.9,948.9,26.6,97.0,29,1102,1494,1350,2321,RodPump,Zone_C,27,8369,19,0,,646.5
WELL_06,Pad_A,2024-01-01,646.5,900.9,25.9,95.4,31,1096,1498,1409,2354,RodPump,Zone_C,28,8369,19,0,,625.9
WELL_06,Pad_A,2024-02-01,625.9,899.1,28.8,96.1,30,,1504,1296,2383,RodPump,Zone_C,29,8369,19,0,,580.7
WELL_06,Pad_A,2024-03-01,580.7,865.6,32.0,94.4,30,1103,1507,1347,2401,RodPump,Zone_C,30,8369,19,0,,597.3
WELL_06,Pad_A,2024-04-01,597.3,845.1,31.1,96.4,31,1040,1497,1272,2429,RodPump,Zone_C,31,8369,19,0,,541.3
WELL_06,Pad_A,2024-05-01,541.3,785.1,33.8,92.5,29,1047,1478,1364,2355,RodPump,Zone_C,32,8369,19,0,,561.4
WELL_06,Pad_A,2024-06-01,561.4,774.6,31.0,94.0,27,1001,1461,1432,2273,RodPump,Zone_C,33,8369,19,0,,549.1
WELL_06,Pad_A,2024-07-01,549.1,765.7,31.7,94.8,30,1031,1491,1337,2300,RodPump,Zone_C,34,8369,19,0,,522.0
WELL_06,Pad_A,2024-08-01,522.0,733.3,32.8,92.9,33,,1424,1319,2339,RodPump,Zone_C,35,8369,19,0,,517.2
WELL_06,Pad_A,2024-09-01,517.2,736.8,30.4,94.1,27,1040,1423,1397,2306,RodPump,Zone_C,36,8369,19,0,,484.1
WELL_06,Pad_A,2024-10-01,484.1,712.6,35.8,93.1,32,982,1435,1384,2280,RodPump,Zone_C,37,8369,19,0,,463.3
WELL_06,Pad_A,2024-11-01,463.3,718.8,33.5,94.7,29,1048,1466,1450,2351,RodPump,Zone_C,38,8369,19,0,,462.3
WELL_06,Pad_A,2024-12-01,462.3,685.6,31.0,93.9,28,1031,1449,1395,2249,RodPump,Zone_C,39,8369,19,0,,431.4
WELL_06,Pad_A,2025-01-01,431.4,680.9,35.5,96.5,30,996,1400,1386,2298,RodPump,Zone_C,40,8369,19,0,,449.6
WELL_06,Pad_A,2025-02-01,449.6,663.3,30.6,96.1,30,998,1462,1408,2360,RodPump,Zone_C,41,8369,19,0,,407.2
WELL_06,Pad_A,2025-03-01,407.2,611.4,37.7,93.4,30,949,1430,1466,2343,RodPump,Zone_C,42,8369,19,0,,377.4
WELL_06,Pad_A,2025-04-01,377.4,633.6,39.7,93.1,31,929,1458,1440,2376,RodPump,Zone_C,43,8369,19,0,,457.5
WELL_06,Pad_A,2025-05-01,457.5,654.8,33.5,88.4,31,973,1487,1392,2244,RodPump,Zone_C,44,8369,19,1,workover,414.5
WELL_06,Pad_A,2025-06-01,414.5,635.4,38.9,92.3,27,936,1388,1297,2259,RodPump,Zone_C,45,8369,19,0,,414.1
WELL_06,Pad_A,2025-07-01,414.1,636.7,40.9,93.2,31,1011,1441,1318,2358,RodPump,Zone_C,46,8369,19,0,,390.3
WELL_06,Pad_A,2025-08-01,390.3,607.6,42.2,96.2,28,973,1455,1436,2305,RodPump,Zone_C,47,8369,19,0,,379.4
WELL_06,Pad_A,2025-09-01,379.4,613.1,37.3,94.6,31,909,1413,1367,2345,RodPump,Zone_C,48,8369,19,0,,385.7
WELL_06,Pad_A,2025-10-01,385.7,567.0,32.6,94.5,30,,1427,1385,2192,RodPump,Zone_C,49,8369,19,0,,375.4
WELL_06,Pad_A,2025-11-01,375.4,540.1,35.2,95.7,28,951,1411,1409,2235,RodPump,Zone_C,50,8369,19,0,,329.9
WELL_06,Pad_A,2025-12-01,329.9,487.7,44.8,92.0,31,920,1340,1485,2206,RodPump,Zone_C,51,8369,19,0,,
WELL_07,Pad_B,2023-01-01,796.5,1114.8,26.4,94.6,32,1117,1524,1394,2358,ESP,Zone_A,18,6171,24,0,,777.3
WELL_07,Pad_B,2023-02-01,777.3,1127.6,27.1,96.5,29,1135,1491,1282,2441,ESP,Zone_A,19,6171,24,0,,762.3
WELL_07,Pad_B,2023-03-01,762.3,1031.3,28.1,93.8,29,1118,1559,1259,2374,ESP,Zone_A,20,6171,24,0,,767.5
WELL_07,Pad_B,2023-04-01,767.5,1073.1,27.3,97.9,29,1127,1469,1344,2391,ESP,Zone_A,21,6171,24,0,,751.2
WELL_07,Pad_B,2023-05-01,751.2,1018.8,27.4,97.1,29,1077,1554,1332,2377,ESP,Zone_A,22,6171,24,0,,710.6
WELL_07,Pad_B,2023-06-01,710.6,976.0,28.4,95.7,32,1124,1553,1346,2451,ESP,Zone_A,23,6171,24,0,,671.6
WELL_07,Pad_B,2023-07-01,671.6,947.6,29.4,94.3,29,1148,1570,1314,2322,ESP,Zone_A,24,6171,24,0,,674.3
WELL_07,Pad_B,2023-08-01,674.3,962.8,31.8,,29,1136,1520,1293,2414,ESP,Zone_A,25,6171,24,0,,638.4
WELL_07,Pad_B,2023-09-01,638.4,890.5,29.3,94.3,28,1049,1542,1317,2400,ESP,Zone_A,26,6171,24,0,,628.6
WELL_07,Pad_B,2023-10-01,628.6,876.4,29.7,95.7,30,1069,1505,1270,2426,ESP,Zone_A,27,6171,24,0,,575.4
WELL_07,Pad_B,2023-11-01,575.4,819.5,33.1,93.0,32,1103,1541,1250,2299,ESP,Zone_A,28,6171,24,0,,587.1
WELL_07,Pad_B,2023-12-01,587.1,849.0,31.7,96.0,28,1098,1520,1271,2442,ESP,Zone_A,29,6171,24,0,,564.2
WELL_07,Pad_B,2024-01-01,564.2,791.8,31.5,96.5,29,1111,1524,1255,2413,ESP,Zone_A,30,6171,24,0,,521.6
WELL_07,Pad_B,2024-02-01,521.6,777.2,34.0,95.0,30,1062,1496,1316,2314,ESP,Zone_A,31,6171,24,0,,527.2
WELL_07,Pad_B,2024-03-01,527.2,759.5,32.3,92.7,32,1031,1480,1325,2292,ESP,Zone_A,32,6171,24,0,,482.3
WELL_07,Pad_B,2024-04-01,482.3,716.7,37.6,94.3,29,1038,1506,1315,2275,ESP,Zone_A,33,6171,24,0,,491.9
WELL_07,Pad_B,2024-05-01,491.9,732.9,31.8,96.8,33,1001,1471,1326,2401,ESP,Zone_A,34,6171,24,0,,453.6
WELL_07,Pad_B,2024-06-01,453.6,709.0,33.9,93.7,31,1036,1483,1369,2384,ESP,Zone_A,35,6171,24,0,,433.2
WELL_07,Pad_B,2024-07-01,433.2,681.7,34.8,94.7,29,1018,1508,1440,2410,ESP,Zone_A,36,6171,24,0,,410.3
WELL_07,Pad_B,2024-08-01,410.3,669.3,39.0,95.1,29,,1411,1470,2365,ESP,Zone_A,37,6171,24,0,,392.7
WELL_07,Pad_B,2024-09-01,392.7,626.5,37.1,93.7,33,975,1411,1342,2379,ESP,Zone_A,38,6171,24,0,,373.1
WELL_07,Pad_B,2024-10-01,373.1,569.7,,93.6,29,1039,1480,1448,2289,ESP,Zone_A,39,6171,24,0,,357.1
WELL_07,Pad_B,2024-11-01,357.1,563.9,40.1,92.7,28,1000,1440,1426,2394,ESP,Zone_A,40,6171,24,0,,367.5
WELL_07,Pad_B,2024-12-01,367.5,578.0,34.9,95.7,31,1025,1392,1483,2282,ESP,Zone_A,41,6171,24,0,,339.5
WELL_07,Pad_B,2025-01-01,339.5,547.5,40.0,93.0,32,945,1432,1430,2349,ESP,Zone_A,42,6171,24,0,,363.8
WELL_07,Pad_B,2025-02-01,363.8,568.0,35.7,96.4,32,954,1478,1425,2324,ESP,Zone_A,43,6171,24,0,,309.9
WELL_07,Pad_B,2025-03-01,309.9,484.0,43.5,92.8,32,971,1391,1517,2353,ESP,Zone_A,44,6171,24,0,,320.1
WELL_07,Pad_B,2025-04-01,320.1,514.4,38.1,95.6,29,931,1453,1405,2245,ESP,Zone_A,45,6171,24,0,,301.7
WELL_07,Pad_B,2025-05-01,301.7,483.4,37.0,92.7,28,967,1434,1392,2251,ESP,Zone_A,46,6171,24,0,,299.4
WELL_07,Pad_B,2025-06-01,299.4,509.3,42.3,95.3,31,1014,1457,1443,2292,ESP,Zone_A,47,6171,24,0,,290.1
WELL_07,Pad_B,2025-07-01,290.1,482.6,42.2,93.6,28,1000,1453,1396,2363,ESP,Zone_A,48,6171,24,0,,259.0
WELL_07,Pad_B,2025-08-01,259.0,465.7,49.6,95.3,28,976,1466,1397,2359,ESP,Zone_A,49,6171,24,0,,189.7
WELL_07,Pad_B,2025-09-01,189.7,355.1,42.8,80.9,29,978,1435,1699,2190,ESP,Zone_A,50,6171,24,1,shut_in,210.8
WELL_07,Pad_B,2025-10-01,210.8,375.4,45.8,96.6,31,935,1385,1586,2196,ESP,Zone_A,51,6171,24,0,,208.4
WELL_07,Pad_B,2025-11-01,208.4,388.3,39.3,91.7,27,963,1454,1609,2232,ESP,Zone_A,52,6171,24,0,,208.5
WELL_07,Pad_B,2025-12-01,208.5,352.7,48.9,94.8,31,907,1453,1512,2189,ESP,Zone_A,53,6171,24,0,,
WELL_08,Pad_B,2023-01-01,771.8,1050.8,27.0,97.8,32,1108,1596,1352,2487,GasLift,Zone_B,20,6667,27,0,,745.8
WELL_08,Pad_B,2023-02-01,745.8,1044.2,26.3,96.5,29,1160,1589,1389,2392,GasLift,Zone_B,21,6667,27,0,,703.1
WELL_08,Pad_B,2023-03-01,703.1,1023.4,27.3,97.7,30,1136,1584,1257,2447,GasLift,Zone_B,22,6667,27,0,,664.0
WELL_08,Pad_B,2023-04-01,664.0,937.1,28.1,96.5,32,1164,1521,1275,2358,GasLift,Zone_B,23,6667,27,0,,649.1
WELL_08,Pad_B,2023-05-01,649.1,924.0,28.9,96.5,34,1159,1523,1291,2404,GasLift,Zone_B,24,6667,27,0,,602.7
WELL_08,Pad_B,2023-06-01,602.7,846.2,29.6,93.7,29,1147,1495,1280,2469,GasLift,Zone_B,25,6667,27,0,,633.9
WELL_08,Pad_B,2023-07-01,633.9,847.4,31.4,97.2,29,1114,1529,1306,2308,GasLift,Zone_B,26,6667,27,0,,575.8
WELL_08,Pad_B,2023-08-01,575.8,801.6,28.8,94.0,29,1121,1538,1346,2343,GasLift,Zone_B,27,6667,27,0,,544.1
WELL_08,Pad_B,2023-09-01,544.1,754.0,30.8,93.4,30,1085,1483,1337,2396,GasLift,Zone_B,28,6667,27,0,,620.7
WELL_08,Pad_B,2023-10-01,620.7,855.5,30.0,92.4,30,1087,1523,1168,2382,GasLift,Zone_B,29,6667,27,1,workover,587.4
WELL_08,Pad_B,2023-11-01,587.4,800.7,31.6,95.1,29,1057,1447,1293,2398,GasLift,Zone_B,30,6667,27,0,,606.2
WELL_08,Pad_B,2023-12-01,606.2,828.4,34.0,95.2,33,1106,1486,1236,2427,GasLift,Zone_B,31,6667,27,1,acid_job,567.3
WELL_08,Pad_B,2024-01-01,567.3,793.9,30.1,95.8,31,1113,1528,1281,2381,GasLift,Zone_B,32,6667,27,0,,529.2
WELL_08,Pad_B,2024-02-01,529.2,744.6,35.5,96.1,28,1051,1546,1263,2441,GasLift,Zone_B,33,6667,27,0,,487.0
WELL_08,Pad_B,2024-03-01,487.0,682.2,36.7,92.6,30,1042,1463,1257,2344,GasLift,Zone_B,34,6667,27,0,,464.1
WELL_08,Pad_B,2024-04-01,464.1,633.6,34.5,94.5,28,1058,1511,1382,2419,GasLift,Zone_B,35,6667,27,0,,465.1
WELL_08,Pad_B,2024-05-01,465.1,671.5,35.6,94.5,30,1042,1489,1210,2304,GasLift,Zone_B,36,6667,27,1,acid_job,462.2
WELL_08,Pad_B,2024-06-01,462.2,623.7,32.1,93.6,29,1067,1522,1372,2256,GasLift,Zone_B,37,6667,27,0,,399.1
WELL_08,Pad_B,2024-07-01,399.1,584.7,36.5,92.6,32,992,1524,1322,2389,GasLift,Zone_B,38,6667,27,0,,393.0
WELL_08,Pad_B,2024-08-01,393.0,581.9,34.6,96.4,31,1055,1508,1402,2332,GasLift,Zone_B,39,6667,27,0,,380.5
WELL_08,Pad_B,2024-09-01,380.5,589.8,35.1,96.0,27,990,1499,1424,2282,GasLift,Zone_B,40,6667,27,0,,340.5
WELL_08,Pad_B,2024-10-01,340.5,551.6,36.4,94.2,31,975,1399,1366,2336,GasLift,Zone_B,41,6667,27,0,,344.2
WELL_08,Pad_B,2024-11-01,344.2,548.4,38.2,96.7,31,1027,1426,1384,2258,GasLift,Zone_B,42,6667,27,0,,321.5
WELL_08,Pad_B,2024-12-01,321.5,486.4,40.9,93.1,29,947,1481,1459,2228,GasLift,Zone_B,43,6667,27,0,,310.6
WELL_08,Pad_B,2025-01-01,310.6,475.4,35.1,96.1,28,,1461,1416,2286,GasLift,Zone_B,44,6667,27,0,,284.7
WELL_08,Pad_B,2025-02-01,284.7,451.0,41.9,93.4,27,986,1459,1494,2281,GasLift,Zone_B,45,6667,27,0,,283.6
WELL_08,Pad_B,2025-03-01,283.6,439.3,37.5,97.1,30,1024,1407,1482,2364,GasLift,Zone_B,46,6667,27,0,,274.0
WELL_08,Pad_B,2025-04-01,274.0,403.8,45.8,95.2,30,986,1453,1492,2319,GasLift,Zone_B,47,6667,27,0,,268.7
WELL_08,Pad_B,2025-05-01,268.7,439.2,41.3,95.7,30,937,1455,1418,2294,GasLift,Zone_B,48,6667,27,0,,255.5
WELL_08,Pad_B,2025-06-01,255.5,412.1,42.2,95.2,31,928,1375,1407,2243,GasLift,Zone_B,49,6667,27,0,,215.9
WELL_08,Pad_B,2025-07-01,215.9,357.3,46.1,92.3,28,979,1396,1516,2251,GasLift,Zone_B,50,6667,27,0,,220.0
WELL_08,Pad_B,2025-08-01,220.0,355.3,42.6,93.8,32,905,1462,1472,2337,GasLift,Zone_B,51,6667,27,0,,214.1
WELL_08,Pad_B,2025-09-01,214.1,358.9,48.9,93.1,28,945,1460,1466,2239,GasLift,Zone_B,52,6667,27,0,,207.7
WELL_08,Pad_B,2025-10-01,207.7,358.3,45.9,95.0,26,911,1439,1419,2311,GasLift,Zone_B,53,6667,27,0,,179.8
WELL_08,Pad_B,2025-11-01,179.8,315.9,47.7,93.1,31,917,1348,1422,2240,GasLift,Zone_B,54,6667,27,0,,205.1
WELL_08,Pad_B,2025-12-01,205.1,308.7,42.4,94.0,27,951,1381,1409,2237,GasLift,Zone_B,55,6667,27,0,,
WELL_09,Pad_B,2023-01-01,740.4,1011.7,28.6,96.7,32,1122,1586,1396,2388,RodPump,Zone_C,22,7138,32,0,,689.0
WELL_09,Pad_B,2023-02-01,689.0,975.4,30.2,95.1,30,1156,1491,1349,2425,RodPump,Zone_C,23,7138,32,0,,668.7
WELL_09,Pad_B,2023-03-01,668.7,969.4,29.8,94.4,32,1080,1591,1333,2432,RodPump,Zone_C,24,7138,32,0,,685.9
WELL_09,Pad_B,2023-04-01,685.9,936.6,30.9,95.4,29,1141,1543,1272,2428,RodPump,Zone_C,25,7138,32,0,,646.2
WELL_09,Pad_B,2023-05-01,646.2,901.9,30.9,93.5,32,1075,1477,1237,2345,RodPump,Zone_C,26,7138,32,0,,444.0
WELL_09,Pad_B,2023-06-01,444.0,702.5,32.9,81.9,31,1077,1571,1417,2307,RodPump,Zone_C,27,7138,32,1,shut_in,535.3
WELL_09,Pad_B,2023-07-01,535.3,772.4,33.5,93.5,31,1124,1468,1364,2342,RodPump,Zone_C,28,7138,32,0,,544.8
WELL_09,Pad_B,2023-08-01,544.8,766.5,33.2,93.2,30,1128,1489,1413,2314,RodPump,Zone_C,29,7138,32,0,,618.1
WELL_09,Pad_B,2023-09-01,618.1,870.4,33.4,89.5,32,1129,1459,1308,2325,RodPump,Zone_C,30,7138,32,1,workover,665.5
WELL_09,Pad_B,2023-10-01,665.5,868.5,33.4,96.4,32,1115,1457,1298,2299,RodPump,Zone_C,31,7138,32,0,,631.8
WELL_09,Pad_B,2023-11-01,631.8,881.7,34.2,95.8,29,1064,1483,1199,2401,RodPump,Zone_C,32,7138,32,0,,596.6
WELL_09,Pad_B,2023-12-01,596.6,824.1,37.1,94.8,28,1043,1473,1315,2395,RodPump,Zone_C,33,7138,32,0,,556.8
WELL_09,Pad_B,2024-01-01,556.8,802.5,37.8,94.1,31,1083,1443,1316,2318,RodPump,Zone_C,34,7138,32,0,,578.6
WELL_09,Pad_B,2024-02-01,578.6,777.9,38.0,97.2,28,1071,1446,1354,2416,RodPump,Zone_C,35,7138,32,0,,545.2
WELL_09,Pad_B,2024-03-01,545.2,754.2,36.1,,29,1069,1472,1264,2345,RodPump,Zone_C,36,7138,32,0,,514.4
WELL_09,Pad_B,2024-04-01,514.4,764.0,37.3,95.1,31,1005,1469,1324,2262,RodPump,Zone_C,37,7138,32,0,,506.4
WELL_09,Pad_B,2024-05-01,506.4,735.5,37.0,93.4,31,1089,1459,1253,2295,RodPump,Zone_C,38,7138,32,0,,517.7
WELL_09,Pad_B,2024-06-01,517.7,718.8,38.4,95.6,28,1061,1438,1308,2394,RodPump,Zone_C,39,7138,32,0,,458.8
WELL_09,Pad_B,2024-07-01,458.8,718.6,40.3,93.5,28,1048,1494,1280,2352,RodPump,Zone_C,40,7138,32,0,,482.0
WELL_09,Pad_B,2024-08-01,482.0,697.3,39.6,95.4,28,1012,1515,1406,2344,RodPump,Zone_C,41,7138,32,0,,443.1
WELL_09,Pad_B,2024-09-01,443.1,693.7,43.2,94.9,30,963,1512,1415,2322,RodPump,Zone_C,42,7138,32,0,,446.9
WELL_09,Pad_B,2024-10-01,446.9,672.8,41.9,92.5,29,1018,1501,1371,2300,RodPump,Zone_C,43,7138,32,0,,436.0
WELL_09,Pad_B,2024-11-01,436.0,681.6,40.0,96.1,29,966,1441,1411,2358,RodPump,Zone_C,44,7138,32,0,,428.6
WELL_09,Pad_B,2024-12-01,428.6,642.4,44.7,94.5,28,1007,1422,1362,2340,RodPump,Zone_C,45,7138,32,0,,398.2
WELL_09,Pad_B,2025-01-01,398.2,633.0,43.1,93.3,27,974,1441,1406,2335,RodPump,Zone_C,46,7138,32,0,,415.3
WELL_09,Pad_B,2025-02-01,415.3,607.9,40.4,95.3,30,937,1397,1428,2251,RodPump,Zone_C,47,7138,32,0,,408.3
WELL_09,Pad_B,2025-03-01,408.3,625.5,41.7,94.7,28,1007,1379,1456,2230,RodPump,Zone_C,48,7138,32,0,,358.8
WELL_09,Pad_B,2025-04-01,358.8,599.6,47.6,92.8,31,999,1406,1437,2366,RodPump,Zone_C,49,7138,32,0,,378.5
WELL_09,Pad_B,2025-05-01,378.5,580.6,42.8,91.7,28,980,1461,1473,2345,RodPump,Zone_C,50,7138,32,0,,340.4
WELL_09,Pad_B,2025-06-01,340.4,542.5,48.2,94.5,31,1004,1399,1364,2315,RodPump,Zone_C,51,7138,32,0,,343.8
WELL_09,Pad_B,2025-07-01,343.8,542.0,43.9,94.4,27,963,1390,1389,2315,RodPump,Zone_C,52,7138,32,0,,351.7
WELL_09,Pad_B,2025-08-01,351.7,542.6,40.1,93.8,30,953,1424,1393,2323,RodPump,Zone_C,53,7138,32,0,,344.8
WELL_09,Pad_B,2025-09-01,344.8,529.7,41.8,93.5,29,904,1378,1368,2242,RodPump,Zone_C,54,7138,32,0,,335.1
WELL_09,Pad_B,2025-10-01,335.1,532.4,48.7,94.5,32,882,1428,1402,2335,RodPump,Zone_C,55,7138,32,0,,335.9
WELL_09,Pad_B,2025-11-01,335.9,511.3,,96.0,31,912,1408,1373,2331,RodPump,Zone_C,56,7138,32,0,,329.6
WELL_09,Pad_B,2025-12-01,329.6,490.9,46.8,96.4,27,924,1453,1350,2335,RodPump,Zone_C,57,7138,32,0,,
WELL_10,Pad_B,2023-01-01,640.4,982.9,32.5,97.4,31,1094,1544,1472,2495,ESP,Zone_A,24,7488,36,0,,606.4
WELL_10,Pad_B,2023-02-01,606.4,916.8,31.8,95.4,30,1086,1482,1483,2420,ESP,Zone_A,25,7488,36,0,,598.9
WELL_10,Pad_B,2023-03-01,598.9,913.4,33.1,95.2,29,1142,1536,1454,2426,ESP,Zone_A,26,7488,36,0,,564.3
WELL_10,Pad_B,2023-04-01,564.3,882.3,32.8,93.6,33,1097,1478,1470,2390,ESP,Zone_A,27,7488,36,0,,575.9
WELL_10,Pad_B,2023-05-01,575.9,879.6,34.4,95.0,33,1116,1579,1367,2427,ESP,Zone_A,28,7488,36,0,,568.0
WELL_10,Pad_B,2023-06-01,568.0,837.4,34.7,95.5,31,1066,1460,1437,2398,ESP,Zone_A,29,7488,36,0,,519.5
WELL_10,Pad_B,2023-07-01,519.5,800.7,36.5,95.0,32,1099,1475,1376,2444,ESP,Zone_A,30,7488,36,0,,514.8
WELL_10,Pad_B,2023-08-01,514.8,830.2,36.5,97.2,34,1087,1517,1386,2309,ESP,Zone_A,31,7488,36,0,,519.9
WELL_10,Pad_B,2023-09-01,519.9,783.9,35.7,96.1,29,,1556,1391,2370,ESP,Zone_A,32,7488,36,0,,487.8
WELL_10,Pad_B,2023-10-01,487.8,778.0,36.1,94.4,30,1028,1473,1377,2415,ESP,Zone_A,33,7488,36,0,,488.5
WELL_10,Pad_B,2023-11-01,488.5,761.5,37.4,94.7,30,1052,1506,1373,2388,ESP,Zone_A,34,7488,36,0,,479.5
WELL_10,Pad_B,2023-12-01,479.5,738.2,38.1,97.0,28,1023,1438,1430,2285,ESP,Zone_A,35,7488,36,0,,457.7
WELL_10,Pad_B,2024-01-01,457.7,719.1,39.8,95.2,33,1056,1525,1412,2313,ESP,Zone_A,36,7488,36,0,,426.4
WELL_10,Pad_B,2024-02-01,426.4,691.7,38.5,94.4,30,1072,1529,1489,2375,ESP,Zone_A,37,7488,36,0,,433.9
WELL_10,Pad_B,2024-03-01,433.9,661.3,37.3,95.3,33,1076,1482,1424,2304,ESP,Zone_A,38,7488,36,0,,424.9
WELL_10,Pad_B,2024-04-01,424.9,695.4,37.2,97.0,30,1043,1474,1383,2429,ESP,Zone_A,39,7488,36,0,,399.7
WELL_10,Pad_B,2024-05-01,399.7,629.2,42.3,93.4,30,999,1494,1442,2369,ESP,Zone_A,40,7488,36,0,,362.8
WELL_10,Pad_B,2024-06-01,362.8,596.6,42.9,94.0,32,1025,1469,1490,2338,ESP,Zone_A,41,7488,36,0,,374.4
WELL_10,Pad_B,2024-07-01,374.4,601.0,42.6,93.4,29,1045,1422,1440,2386,ESP,Zone_A,42,7488,36,0,,359.0
WELL_10,Pad_B,2024-08-01,359.0,620.2,39.0,96.5,27,973,1472,1439,2351,ESP,Zone_A,43,7488,36,0,,356.9
WELL_10,Pad_B,2024-09-01,356.9,580.7,40.6,97.0,30,1021,1402,1539,2352,ESP,Zone_A,44,7488,36,0,,326.6
WELL_10,Pad_B,2024-10-01,326.6,532.8,47.8,92.6,32,1011,1491,1565,2266,ESP,Zone_A,45,7488,36,0,,333.0
WELL_10,Pad_B,2024-11-01,333.0,556.8,41.7,94.9,28,989,1405,1476,2377,ESP,Zone_A,46,7488,36,0,,315.1
WELL_10,Pad_B,2024-12-01,315.1,560.0,41.3,95.0,27,1028,1448,1472,2308,ESP,Zone_A,47,7488,36,0,,309.8
WELL_10,Pad_B,2025-01-01,309.8,536.3,48.4,94.7,30,968,1389,1546,2261,ESP,Zone_A,48,7488,36,0,,311.3
WELL_10,Pad_B,2025-02-01,311.3,505.5,47.1,95.2,31,937,1396,1545,2257,ESP,Zone_A,49,7488,36,0,,301.8
WELL_10,Pad_B,2025-03-01,301.8,501.7,44.7,95.6,31,984,1390,1477,2324,ESP,Zone_A,50,7488,36,0,,293.4
WELL_10,Pad_B,2025-04-01,293.4,486.7,43.4,92.8,31,965,1415,1525,2324,ESP,Zone_A,51,7488,36,0,,286.4
WELL_10,Pad_B,2025-05-01,286.4,489.4,47.4,94.5,28,942,1409,1598,2329,ESP,Zone_A,52,7488,36,0,,267.8
WELL_10,Pad_B,2025-06-01,267.8,439.1,,92.2,28,946,1404,1576,2317,ESP,Zone_A,53,7488,36,0,,250.0
WELL_10,Pad_B,2025-07-01,250.0,456.2,43.2,92.9,31,950,1367,1524,2208,ESP,Zone_A,54,7488,36,0,,239.2
WELL_10,Pad_B,2025-08-01,239.2,453.5,50.7,94.9,30,988,1454,1591,2265,ESP,Zone_A,55,7488,36,0,,234.7
WELL_10,Pad_B,2025-09-01,234.7,424.8,47.5,95.1,29,912,1372,1493,2226,ESP,Zone_A,56,7488,36,0,,246.0
WELL_10,Pad_B,2025-10-01,246.0,457.0,53.9,93.6,29,928,1436,1439,2196,ESP,Zone_A,57,7488,36,1,acid_job,246.7
WELL_10,Pad_B,2025-11-01,246.7,405.1,47.1,91.9,29,896,1455,1529,2221,ESP,Zone_A,58,7488,36,0,,264.9
WELL_10,Pad_B,2025-12-01,264.9,428.8,48.3,94.4,31,962,1437,1535,2290,ESP,Zone_A,59,7488,36,0,,
WELL_11,Pad_B,2023-01-01,618.9,920.0,31.8,95.5,31,1145,1483,1293,2341,GasLift,Zone_B,26,7996,21,0,,619.5
WELL_11,Pad_B,2023-02-01,619.5,907.6,31.1,97.7,32,1079,1575,1310,2341,GasLift,Zone_B,27,7996,21,0,,577.8
WELL_11,Pad_B,2023-03-01,577.8,821.6,33.4,94.9,34,,1585,1376,2475,GasLift,Zone_B,28,7996,21,0,,564.5
WELL_11,Pad_B,2023-04-01,564.5,818.4,33.8,94.1,30,1129,1486,1281,2472,GasLift,Zone_B,29,7996,21,0,,551.8
WELL_11,Pad_B,2023-05-01,551.8,779.9,35.1,93.3,31,1123,1523,1419,2464,GasLift,Zone_B,30,7996,21,0,,527.3
WELL_11,Pad_B,2023-06-01,527.3,759.0,35.4,94.1,32,1057,1555,1336,2399,GasLift,Zone_B,31,7996,21,0,,523.5
WELL_11,Pad_B,2023-07-01,523.5,772.1,33.5,96.1,31,1120,1457,1292,2401,GasLift,Zone_B,32,7996,21,0,,502.0
WELL_11,Pad_B,2023-08-01,502.0,755.0,35.0,95.2,32,1078,1511,1291,2417,GasLift,Zone_B,33,7996,21,0,,494.5
WELL_11,Pad_B,2023-09-01,494.5,703.2,35.8,95.7,29,1046,1480,1296,2367,GasLift,Zone_B,34,7996,21,0,,483.8
WELL_11,Pad_B,2023-10-01,483.8,676.8,35.3,93.5,31,1134,1545,1343,2411,GasLift,Zone_B,35,7996,21,0,,460.3
WELL_11,Pad_B,2023-11-01,460.3,675.1,37.4,96.0,28,1107,1497,1364,2361,GasLift,Zone_B,36,7996,21,0,,436.9
WELL_11,Pad_B,2023-12-01,436.9,619.7,40.0,92.9,28,1104,1551,1299,2378,GasLift,Zone_B,37,7996,21,0,,422.0
WELL_11,Pad_B,2024-01-01,422.0,622.7,38.0,94.8,32,1103,1477,1318,2383,GasLift,Zone_B,38,7996,21,0,,415.0
WELL_11,Pad_B,2024-02-01,415.0,613.9,38.1,95.2,32,1011,1447,1315,2325,GasLift,Zone_B,39,7996,21,0,,398.8
WELL_11,Pad_B,2024-03-01,398.8,633.2,38.2,96.6,30,1060,1539,1352,2298,GasLift,Zone_B,40,7996,21,0,,356.9
WELL_11,Pad_B,2024-04-01,356.9,562.8,42.9,92.7,28,998,1427,1434,2355,GasLift,Zone_B,41,7996,21,0,,383.2
WELL_11,Pad_B,2024-05-01,383.2,550.6,38.3,93.3,31,1081,1453,1342,2306,GasLift,Zone_B,42,7996,21,0,,376.4
WELL_11,Pad_B,2024-06-01,376.4,601.1,38.0,96.3,29,1032,1528,1398,2299,GasLift,Zone_B,43,7996,21,0,,353.1
WELL_11,Pad_B,2024-07-01,353.1,553.0,39.7,95.2,31,1034,1470,1424,2301,GasLift,Zone_B,44,7996,21,0,,334.1
WELL_11,Pad_B,2024-08-01,334.1,494.8,42.3,93.6,29,966,1501,1467,2302,GasLift,Zone_B,45,7996,21,0,,305.5
WELL_11,Pad_B,2024-09-01,305.5,494.7,45.8,92.3,30,985,1427,1343,2303,GasLift,Zone_B,46,7996,21,0,,332.9
WELL_11,Pad_B,2024-10-01,332.9,518.1,40.6,93.7,29,984,1446,1390,2365,GasLift,Zone_B,47,7996,21,0,,315.2
WELL_11,Pad_B,2024-11-01,315.2,482.2,41.9,95.6,29,1039,1413,1408,2339,GasLift,Zone_B,48,7996,21,0,,301.8
WELL_11,Pad_B,2024-12-01,301.8,454.8,40.6,92.8,30,964,1400,1414,2348,GasLift,Zone_B,49,7996,21,0,,292.2
WELL_11,Pad_B,2025-01-01,292.2,480.1,43.7,93.6,31,1039,1439,1506,2278,GasLift,Zone_B,50,7996,21,0,,276.9
WELL_11,Pad_B,2025-02-01,276.9,427.3,48.5,94.7,28,1013,1478,1519,2238,GasLift,Zone_B,51,7996,21,0,,263.7
WELL_11,Pad_B,2025-03-01,263.7,412.4,44.8,91.7,29,1004,1438,1550,2293,GasLift,Zone_B,52,7996,21,0,,271.7
WELL_11,Pad_B,2025-04-01,271.7,414.4,47.0,96.8,29,941,1448,1430,2359,GasLift,Zone_B,53,7996,21,0,,262.4
WELL_11,Pad_B,2025-05-01,262.4,412.0,48.4,92.8,28,920,1462,1376,2211,GasLift,Zone_B,54,7996,21,1,scale_cleanup,232.6
WELL_11,Pad_B,2025-06-01,232.6,414.6,46.2,93.0,27,970,1475,1543,2305,GasLift,Zone_B,55,7996,21,0,,218.9
WELL_11,Pad_B,2025-07-01,218.9,395.5,51.1,93.3,32,976,1450,1518,2269,GasLift,Zone_B,56,7996,21,0,,231.2
WELL_11,Pad_B,2025-08-01,231.2,400.9,43.5,93.3,29,928,1439,1424,2222,GasLift,Zone_B,57,7996,21,0,,195.4
WELL_11,Pad_B,2025-09-01,195.4,368.8,53.0,93.5,27,896,1387,1438,2248,GasLift,Zone_B,58,7996,21,0,,224.1
WELL_11,Pad_B,2025-10-01,224.1,377.7,45.4,96.3,30,909,1434,1502,2273,GasLift,Zone_B,59,7996,21,0,,191.5
WELL_11,Pad_B,2025-11-01,191.5,364.6,50.2,,30,883,1406,1407,2318,GasLift,Zone_B,60,7996,21,0,,199.9
WELL_11,Pad_B,2025-12-01,199.9,348.5,49.6,94.8,31,935,1403,1506,2216,GasLift,Zone_B,61,7996,21,0,,
WELL_12,Pad_B,2023-01-01,617.8,810.0,34.0,95.6,34,1088,1576,1182,2424,RodPump,Zone_C,28,8398,25,0,,562.6
WELL_12,Pad_B,2023-02-01,562.6,793.0,34.9,94.5,29,1081,1512,1320,2488,RodPump,Zone_C,29,8398,25,0,,565.7
WELL_12,Pad_B,2023-03-01,565.7,749.0,35.0,94.4,32,1087,1561,1232,2338,RodPump,Zone_C,30,8398,25,0,,537.3
WELL_12,Pad_B,2023-04-01,537.3,720.3,35.7,93.9,29,1103,1508,1189,2486,RodPump,Zone_C,31,8398,25,0,,516.0
WELL_12,Pad_B,2023-05-01,516.0,726.9,38.1,94.9,33,1099,1551,1259,2407,RodPump,Zone_C,32,8398,25,0,,533.6
WELL_12,Pad_B,2023-06-01,533.6,684.6,36.1,95.0,31,1126,1577,1255,2395,RodPump,Zone_C,33,8398,25,0,,504.9
WELL_12,Pad_B,2023-07-01,504.9,641.3,35.9,93.0,33,1116,1489,1248,2397,RodPump,Zone_C,34,8398,25,0,,497.1
WELL_12,Pad_B,2023-08-01,497.1,665.3,38.1,94.8,31,1061,1549,1174,2366,RodPump,Zone_C,35,8398,25,0,,480.1
WELL_12,Pad_B,2023-09-01,480.1,646.6,38.7,96.9,32,1090,1556,1256,2345,RodPump,Zone_C,36,8398,25,0,,481.4
WELL_12,Pad_B,2023-10-01,481.4,638.5,36.4,94.3,33,1070,1548,1278,2328,RodPump,Zone_C,37,8398,25,1,scale_cleanup,428.8
WELL_12,Pad_B,2023-11-01,428.8,614.2,40.5,94.2,28,1073,1457,1227,2322,RodPump,Zone_C,38,8398,25,0,,436.2
WELL_12,Pad_B,2023-12-01,436.2,563.2,39.7,95.0,29,1043,1483,1176,2294,RodPump,Zone_C,39,8398,25,0,,415.5
WELL_12,Pad_B,2024-01-01,415.5,587.1,39.2,96.3,28,1022,1499,1241,2386,RodPump,Zone_C,40,8398,25,0,,402.1
WELL_12,Pad_B,2024-02-01,402.1,550.7,40.2,96.5,29,1098,1438,1279,2343,RodPump,Zone_C,41,8398,25,0,,409.6
WELL_12,Pad_B,2024-03-01,409.6,533.5,39.0,97.3,31,1100,1477,1204,2274,RodPump,Zone_C,42,8398,25,0,,334.6
WELL_12,Pad_B,2024-04-01,334.6,508.3,43.2,92.7,28,1084,1531,1329,2401,RodPump,Zone_C,43,8398,25,0,,354.9
WELL_12,Pad_B,2024-05-01,354.9,471.3,43.1,93.8,30,1002,1478,1241,2340,RodPump,Zone_C,44,8398,25,0,,330.1
WELL_12,Pad_B,2024-06-01,330.1,499.7,39.3,95.4,28,997,1446,1336,2358,RodPump,Zone_C,45,8398,25,0,,319.9
WELL_12,Pad_B,2024-07-01,319.9,468.9,44.3,96.5,31,1060,1410,1359,2359,RodPump,Zone_C,46,8398,25,0,,304.6
WELL_12,Pad_B,2024-08-01,304.6,451.5,41.7,96.5,30,985,1464,1304,2401,RodPump,Zone_C,47,8398,25,0,,293.9
WELL_12,Pad_B,2024-09-01,293.9,449.0,44.1,93.0,29,994,1475,1278,2406,RodPump,Zone_C,48,8398,25,0,,285.0
WELL_12,Pad_B,2024-10-01,285.0,397.0,48.7,95.6,27,1004,1429,1275,2388,RodPump,Zone_C,49,8398,25,0,,258.4
WELL_12,Pad_B,2024-11-01,258.4,404.9,49.8,94.9,28,963,1410,1416,2385,RodPump,Zone_C,50,8398,25,0,,290.2
WELL_12,Pad_B,2024-12-01,290.2,434.9,42.8,95.7,32,974,1472,1353,2249,RodPump,Zone_C,51,8398,25,0,,247.4
WELL_12,Pad_B,2025-01-01,247.4,385.1,52.3,93.0,30,1025,1398,1329,2371,RodPump,Zone_C,52,8398,25,0,,228.7
WELL_12,Pad_B,2025-02-01,228.7,354.9,47.6,94.1,32,1020,1491,1329,2349,RodPump,Zone_C,53,8398,25,0,,263.2
WELL_12,Pad_B,2025-03-01,263.2,388.9,49.4,90.7,28,990,1419,1319,2294,RodPump,Zone_C,54,8398,25,1,workover,249.8
WELL_12,Pad_B,2025-04-01,249.8,374.8,47.6,93.6,27,935,1375,1352,2211,RodPump,Zone_C,55,8398,25,0,,222.2
WELL_12,Pad_B,2025-05-01,222.2,328.0,54.5,91.7,32,1003,1472,1326,2259,RodPump,Zone_C,56,8398,25,0,,270.5
WELL_12,Pad_B,2025-06-01,270.5,387.3,44.2,93.2,28,972,1453,1314,2288,RodPump,Zone_C,57,8398,25,1,acid_job,226.6
WELL_12,Pad_B,2025-07-01,226.6,344.3,48.7,91.4,32,950,1407,1355,2289,RodPump,Zone_C,58,8398,25,0,,220.7
WELL_12,Pad_B,2025-08-01,220.7,310.4,48.9,93.2,31,940,1406,1350,2199,RodPump,Zone_C,59,8398,25,0,,199.8
WELL_12,Pad_B,2025-09-01,199.8,289.8,51.0,91.7,31,981,1435,1285,2256,RodPump,Zone_C,60,8398,25,0,,177.3
WELL_12,Pad_B,2025-10-01,177.3,275.8,54.8,94.1,27,944,1456,1399,2303,RodPump,Zone_C,61,8398,25,0,,197.5
WELL_12,Pad_B,2025-11-01,197.5,312.8,51.0,93.2,30,925,1457,1337,2241,RodPump,Zone_C,62,8398,25,0,,177.2
WELL_12,Pad_B,2025-12-01,177.2,288.7,54.8,96.1,27,935,1390,1330,2303,RodPump,Zone_C,63,8398,25,0,,
WELL_13,Pad_C,2023-01-01,528.1,841.1,35.3,96.2,30,1127,1582,1542,2330,ESP,Zone_A,30,6266,27,0,,501.7
WELL_13,Pad_C,2023-02-01,501.7,788.7,35.0,93.6,32,1098,1541,1550,2420,ESP,Zone_A,31,6266,27,0,,494.8
WELL_13,Pad_C,2023-03-01,494.8,807.9,,97.2,32,1154,1507,1593,2329,ESP,Zone_A,32,6266,27,0,,465.8
WELL_13,Pad_C,2023-04-01,465.8,784.9,36.6,95.9,33,1079,1522,1534,2474,ESP,Zone_A,33,6266,27,0,,468.5
WELL_13,Pad_C,2023-05-01,468.5,774.9,37.5,95.2,31,1085,1480,1549,2358,ESP,Zone_A,34,6266,27,0,,479.8
WELL_13,Pad_C,2023-06-01,479.8,753.6,38.3,96.6,32,1151,1518,1546,2466,ESP,Zone_A,35,6266,27,0,,458.8
WELL_13,Pad_C,2023-07-01,458.8,741.1,38.2,97.6,30,1056,1523,1517,2410,ESP,Zone_A,36,6266,27,0,,440.5
WELL_13,Pad_C,2023-08-01,440.5,696.6,39.2,92.8,28,1100,1466,1568,2434,ESP,Zone_A,37,6266,27,0,,407.6
WELL_13,Pad_C,2023-09-01,407.6,659.9,40.1,92.9,29,1058,1542,1482,2380,ESP,Zone_A,38,6266,27,0,,432.9
WELL_13,Pad_C,2023-10-01,432.9,711.1,39.8,95.6,28,1042,1483,1489,2403,ESP,Zone_A,39,6266,27,0,,423.0
WELL_13,Pad_C,2023-11-01,423.0,675.0,41.0,96.9,31,1052,1534,1504,2411,ESP,Zone_A,40,6266,27,0,,381.0
WELL_13,Pad_C,2023-12-01,381.0,624.5,41.3,93.7,32,1095,1542,1498,2445,ESP,Zone_A,41,6266,27,0,,373.2
WELL_13,Pad_C,2024-01-01,373.2,615.4,42.2,95.1,30,1066,1535,1567,2395,ESP,Zone_A,42,6266,27,0,,380.0
WELL_13,Pad_C,2024-02-01,380.0,650.5,42.1,94.9,33,1021,1464,1471,2404,ESP,Zone_A,43,6266,27,0,,354.0
WELL_13,Pad_C,2024-03-01,354.0,642.0,40.8,94.9,29,1092,1511,1544,2398,ESP,Zone_A,44,6266,27,0,,350.1
WELL_13,Pad_C,2024-04-01,350.1,590.2,46.2,93.0,32,1030,1505,1552,2263,ESP,Zone_A,45,6266,27,0,,351.3
WELL_13,Pad_C,2024-05-01,351.3,569.4,40.7,92.7,30,1052,1453,1570,2311,ESP,Zone_A,46,6266,27,0,,331.4
WELL_13,Pad_C,2024-06-01,331.4,558.6,,94.6,28,991,1444,1490,2359,ESP,Zone_A,47,6266,27,0,,322.7
WELL_13,Pad_C,2024-07-01,322.7,548.7,43.7,95.9,29,994,1416,1596,2306,ESP,Zone_A,48,6266,27,0,,305.5
WELL_13,Pad_C,2024-08-01,305.5,538.4,46.5,92.9,30,978,1475,1604,2386,ESP,Zone_A,49,6266,27,0,,304.5
WELL_13,Pad_C,2024-09-01,304.5,552.8,48.6,95.1,30,1053,1490,1594,2262,ESP,Zone_A,50,6266,27,0,,306.3
WELL_13,Pad_C,2024-10-01,306.3,519.6,46.7,95.3,30,973,1422,1668,2340,ESP,Zone_A,51,6266,27,0,,324.0
WELL_13,Pad_C,2024-11-01,324.0,544.4,47.2,90.7,27,991,1434,1515,2260,ESP,Zone_A,52,6266,27,1,workover,319.6
WELL_13,Pad_C,2024-12-01,319.6,562.2,43.6,95.4,29,1010,1483,1555,2294,ESP,Zone_A,53,6266,27,0,,281.1
WELL_13,Pad_C,2025-01-01,281.1,488.2,52.8,93.7,31,986,1478,1564,2355,ESP,Zone_A,54,6266,27,0,,274.6
WELL_13,Pad_C,2025-02-01,274.6,533.7,43.4,94.1,29,992,1435,1604,2357,ESP,Zone_A,55,6266,27,0,,289.7
WELL_13,Pad_C,2025-03-01,289.7,518.6,45.4,95.1,29,975,1455,1546,2351,ESP,Zone_A,56,6266,27,0,,254.7
WELL_13,Pad_C,2025-04-01,254.7,477.0,45.2,93.0,30,959,1441,1577,2324,ESP,Zone_A,57,6266,27,0,,242.1
WELL_13,Pad_C,2025-05-01,242.1,432.0,47.8,93.2,32,944,1378,1558,2371,ESP,Zone_A,58,6266,27,0,,222.9
WELL_13,Pad_C,2025-06-01,222.9,444.0,49.2,91.9,30,987,1407,1703,2346,ESP,Zone_A,59,6266,27,0,,245.8
WELL_13,Pad_C,2025-07-01,245.8,449.5,48.6,93.6,29,965,1416,1601,2260,ESP,Zone_A,60,6266,27,0,,222.1
WELL_13,Pad_C,2025-08-01,222.1,371.4,58.5,92.0,27,880,1442,1652,2264,ESP,Zone_A,61,6266,27,0,,217.6
WELL_13,Pad_C,2025-09-01,217.6,405.7,,95.3,30,926,1373,1657,2279,ESP,Zone_A,62,6266,27,0,,226.4
WELL_13,Pad_C,2025-10-01,226.4,402.5,55.0,95.3,27,925,1397,1662,2243,ESP,Zone_A,63,6266,27,0,,213.0
WELL_13,Pad_C,2025-11-01,213.0,375.9,49.3,94.7,27,951,1462,1730,2309,ESP,Zone_A,64,6266,27,0,,194.4
WELL_13,Pad_C,2025-12-01,194.4,383.1,49.1,94.9,31,877,1416,1697,2225,ESP,Zone_A,65,6266,27,0,,
WELL_14,Pad_C,2023-01-01,489.4,761.5,38.6,95.5,33,1119,1595,1382,2379,GasLift,Zone_B,32,6693,33,0,,487.7
WELL_14,Pad_C,2023-02-01,487.7,691.8,37.9,93.5,31,1086,1482,1408,2463,GasLift,Zone_B,33,6693,33,0,,464.7
WELL_14,Pad_C,2023-03-01,464.7,697.9,38.5,94.5,29,1092,1574,1249,2339,GasLift,Zone_B,34,6693,33,0,,449.2
WELL_14,Pad_C,2023-04-01,449.2,654.4,40.6,94.3,32,1107,1563,1381,2374,GasLift,Zone_B,35,6693,33,0,,479.2
WELL_14,Pad_C,2023-05-01,479.2,673.8,40.1,97.8,33,1076,1516,1342,2347,GasLift,Zone_B,36,6693,33,0,,432.7
WELL_14,Pad_C,2023-06-01,432.7,647.1,41.3,93.9,31,1075,1549,1359,2398,GasLift,Zone_B,37,6693,33,0,,408.9
WELL_14,Pad_C,2023-07-01,408.9,640.2,40.9,92.9,33,1086,1537,1391,2419,GasLift,Zone_B,38,6693,33,0,,422.2
WELL_14,Pad_C,2023-08-01,422.2,637.9,43.8,97.3,33,1065,1484,1252,2409,GasLift,Zone_B,39,6693,33,0,,412.9
WELL_14,Pad_C,2023-09-01,412.9,558.9,42.5,93.7,30,1097,1469,1325,2408,GasLift,Zone_B,40,6693,33,0,,402.4
WELL_14,Pad_C,2023-10-01,402.4,596.7,42.6,93.9,30,1041,1446,1254,2449,GasLift,Zone_B,41,6693,33,0,,393.4
WELL_14,Pad_C,2023-11-01,393.4,576.0,44.6,93.2,33,1026,1518,1386,2381,GasLift,Zone_B,42,6693,33,0,,395.2
WELL_14,Pad_C,2023-12-01,395.2,556.8,42.4,97.1,31,1105,1469,1314,2434,GasLift,Zone_B,43,6693,33,0,,365.1
WELL_14,Pad_C,2024-01-01,365.1,562.5,,94.3,30,1009,1546,1293,2350,GasLift,Zone_B,44,6693,33,0,,334.8
WELL_14,Pad_C,2024-02-01,334.8,494.3,43.8,93.3,32,1019,1505,1402,2393,GasLift,Zone_B,45,6693,33,0,,357.0
WELL_14,Pad_C,2024-03-01,357.0,545.9,44.6,96.8,28,1057,1535,1370,2312,GasLift,Zone_B,46,6693,33,0,,308.3
WELL_14,Pad_C,2024-04-01,308.3,519.3,47.1,94.5,30,1070,1513,1397,2354,GasLift,Zone_B,47,6693,33,0,,308.8
WELL_14,Pad_C,2024-05-01,308.8,495.4,47.7,96.8,29,1047,1464,1380,2421,GasLift,Zone_B,48,6693,33,0,,324.1
WELL_14,Pad_C,2024-06-01,324.1,505.6,44.9,96.0,31,992,1416,1350,2285,GasLift,Zone_B,49,6693,33,0,,300.3
WELL_14,Pad_C,2024-07-01,300.3,440.6,47.1,95.7,31,979,1431,1413,2349,GasLift,Zone_B,50,6693,33,0,,276.5
WELL_14,Pad_C,2024-08-01,276.5,435.1,47.7,96.1,30,1063,1408,1316,2378,GasLift,Zone_B,51,6693,33,0,,261.5
WELL_14,Pad_C,2024-09-01,261.5,443.9,50.4,95.4,32,,1469,1465,2246,GasLift,Zone_B,52,6693,33,0,,259.9
WELL_14,Pad_C,2024-10-01,259.9,403.2,53.4,95.9,28,958,1401,1376,2370,GasLift,Zone_B,53,6693,33,0,,268.7
WELL_14,Pad_C,2024-11-01,268.7,417.7,52.7,94.9,31,958,1488,1404,2368,GasLift,Zone_B,54,6693,33,0,,220.2
WELL_14,Pad_C,2024-12-01,220.2,364.4,55.0,92.6,32,1010,1479,1440,2283,GasLift,Zone_B,55,6693,33,0,,244.4
WELL_14,Pad_C,2025-01-01,244.4,358.0,53.2,94.0,32,928,1395,1489,2326,GasLift,Zone_B,56,6693,33,0,,133.7
WELL_14,Pad_C,2025-02-01,133.7,268.2,47.9,72.9,32,969,1476,1646,2335,GasLift,Zone_B,57,6693,33,1,shut_in,218.9
WELL_14,Pad_C,2025-03-01,218.9,346.5,50.8,94.2,27,933,1435,1563,2319,GasLift,Zone_B,58,6693,33,1,acid_job,220.3
WELL_14,Pad_C,2025-04-01,220.3,364.2,49.9,94.8,27,949,1463,1492,2245,GasLift,Zone_B,59,6693,33,0,,212.7
WELL_14,Pad_C,2025-05-01,212.7,336.8,50.2,94.6,32,955,1389,1509,2211,GasLift,Zone_B,60,6693,33,0,,200.9
WELL_14,Pad_C,2025-06-01,200.9,318.8,53.1,94.8,27,975,1474,1427,2333,GasLift,Zone_B,61,6693,33,0,,171.5
WELL_14,Pad_C,2025-07-01,171.5,332.6,58.1,93.0,27,956,1399,1520,2250,GasLift,Zone_B,62,6693,33,0,,187.0
WELL_14,Pad_C,2025-08-01,187.0,302.7,54.2,94.2,29,978,1373,1541,2267,GasLift,Zone_B,63,6693,33,0,,175.3
WELL_14,Pad_C,2025-09-01,175.3,283.7,57.2,91.7,27,946,1359,1410,2330,GasLift,Zone_B,64,6693,33,0,,158.6
WELL_14,Pad_C,2025-10-01,158.6,320.1,61.4,95.0,30,927,1368,1540,2326,GasLift,Zone_B,65,6693,33,0,,170.0
WELL_14,Pad_C,2025-11-01,170.0,312.8,63.8,95.2,28,931,1432,1420,2232,GasLift,Zone_B,66,6693,33,0,,174.8
WELL_14,Pad_C,2025-12-01,174.8,287.9,53.1,91.3,31,868,1396,1498,2178,GasLift,Zone_B,67,6693,33,0,,
WELL_15,Pad_C,2023-01-01,420.7,644.1,39.6,94.4,32,1073,1567,1422,2352,RodPump,Zone_C,34,7178,35,0,,439.6
WELL_15,Pad_C,2023-02-01,439.6,626.9,41.5,96.6,33,1144,1478,1339,2456,RodPump,Zone_C,35,7178,35,0,,410.7
WELL_15,Pad_C,2023-03-01,410.7,599.6,42.3,96.2,33,1067,1579,1316,2326,RodPump,Zone_C,36,7178,35,0,,410.6
WELL_15,Pad_C,2023-04-01,410.6,620.7,41.3,96.8,29,1146,1556,1268,2477,RodPump,Zone_C,37,7178,35,0,,403.2
WELL_15,Pad_C,2023-05-01,403.2,556.4,41.6,94.8,29,1106,1472,1371,2346,RodPump,Zone_C,38,7178,35,0,,369.6
WELL_15,Pad_C,2023-06-01,369.6,569.9,,95.6,34,1063,1549,1291,2367,RodPump,Zone_C,39,7178,35,0,,361.3
WELL_15,Pad_C,2023-07-01,361.3,551.8,43.3,95.3,31,1049,1541,1363,2393,RodPump,Zone_C,40,7178,35,0,,351.0
WELL_15,Pad_C,2023-08-01,351.0,560.3,44.7,97.2,29,1120,1506,1267,2451,RodPump,Zone_C,41,7178,35,0,,347.2
WELL_15,Pad_C,2023-09-01,347.2,492.9,43.8,95.1,33,1078,1523,1302,2458,RodPump,Zone_C,42,7178,35,0,,327.0
WELL_15,Pad_C,2023-10-01,327.0,483.9,45.5,94.1,28,1108,1471,1409,2399,RodPump,Zone_C,43,7178,35,0,,315.6
WELL_15,Pad_C,2023-11-01,315.6,476.4,45.2,96.0,33,1057,1476,1281,2419,RodPump,Zone_C,44,7178,35,0,,291.7
WELL_15,Pad_C,2023-12-01,291.7,480.6,49.2,92.8,30,1049,1455,1412,2401,RodPump,Zone_C,45,7178,35,0,,335.2
WELL_15,Pad_C,2024-01-01,335.2,448.0,46.9,89.1,28,1030,1447,1229,2307,RodPump,Zone_C,46,7178,35,1,workover,323.8
WELL_15,Pad_C,2024-02-01,323.8,483.5,45.8,95.2,29,1025,1538,1274,2356,RodPump,Zone_C,47,7178,35,0,,344.1
WELL_15,Pad_C,2024-03-01,344.1,481.2,44.2,96.9,29,1063,1480,1275,2427,RodPump,Zone_C,48,7178,35,0,,285.1
WELL_15,Pad_C,2024-04-01,285.1,432.2,49.4,94.2,31,1055,1528,1270,2356,RodPump,Zone_C,49,7178,35,0,,257.4
WELL_15,Pad_C,2024-05-01,257.4,419.0,48.5,93.0,31,1035,1442,1415,2305,RodPump,Zone_C,50,7178,35,0,,258.5
WELL_15,Pad_C,2024-06-01,258.5,388.1,51.4,95.1,28,998,1484,1432,2407,RodPump,Zone_C,51,7178,35,0,,249.9
WELL_15,Pad_C,2024-07-01,249.9,419.8,,93.8,29,1064,1512,1311,2372,RodPump,Zone_C,52,7178,35,0,,238.5
WELL_15,Pad_C,2024-08-01,238.5,390.3,49.9,96.5,30,1050,1420,1406,2259,RodPump,Zone_C,53,7178,35,0,,230.8
WELL_15,Pad_C,2024-09-01,230.8,383.0,55.7,97.1,31,952,1449,1472,2310,RodPump,Zone_C,54,7178,35,0,,227.8
WELL_15,Pad_C,2024-10-01,227.8,359.5,47.9,94.3,30,950,1495,1472,2287,RodPump,Zone_C,55,7178,35,0,,224.7
WELL_15,Pad_C,2024-11-01,224.7,373.1,47.6,96.8,32,991,1470,1493,2301,RodPump,Zone_C,56,7178,35,0,,219.6
WELL_15,Pad_C,2024-12-01,219.6,349.3,49.9,97.0,27,1012,1457,1452,2374,RodPump,Zone_C,57,7178,35,0,,189.1
WELL_15,Pad_C,2025-01-01,189.1,313.7,49.5,94.7,32,945,1391,1422,2371,RodPump,Zone_C,58,7178,35,0,,175.6
WELL_15,Pad_C,2025-02-01,175.6,290.3,53.8,93.1,28,973,1492,1462,2347,RodPump,Zone_C,59,7178,35,0,,185.4
WELL_15,Pad_C,2025-03-01,185.4,327.3,54.2,95.3,30,941,1458,1498,2229,RodPump,Zone_C,60,7178,35,0,,163.6
WELL_15,Pad_C,2025-04-01,163.6,319.8,55.7,94.3,28,1000,1384,1418,2246,RodPump,Zone_C,61,7178,35,0,,175.1
WELL_15,Pad_C,2025-05-01,175.1,307.5,59.5,94.2,30,973,1381,1472,2216,RodPump,Zone_C,62,7178,35,0,,152.5
WELL_15,Pad_C,2025-06-01,152.5,306.5,53.6,95.7,31,957,1455,1457,2320,RodPump,Zone_C,63,7178,35,0,,135.7
WELL_15,Pad_C,2025-07-01,135.7,279.7,61.7,93.3,27,894,1369,1514,2328,RodPump,Zone_C,64,7178,35,0,,170.3
WELL_15,Pad_C,2025-08-01,170.3,292.5,52.4,95.9,29,893,1370,1445,2201,RodPump,Zone_C,65,7178,35,0,,161.1
WELL_15,Pad_C,2025-09-01,161.1,247.7,62.7,96.2,27,903,1362,1540,2346,RodPump,Zone_C,66,7178,35,0,,130.6
WELL_15,Pad_C,2025-10-01,130.6,233.3,59.4,92.2,29,877,1417,1405,2218,RodPump,Zone_C,67,7178,35,0,,133.1
WELL_15,Pad_C,2025-11-01,133.1,260.7,59.0,91.1,27,913,1428,1459,2277,RodPump,Zone_C,68,7178,35,0,,123.7
WELL_15,Pad_C,2025-12-01,123.7,250.0,58.0,,27,869,1458,1417,2191,RodPump,Zone_C,69,7178,35,0,,
WELL_16,Pad_C,2023-01-01,430.6,657.6,39.4,94.8,29,1102,1552,1348,2495,ESP,Zone_A,36,7446,19,0,,413.0
WELL_16,Pad_C,2023-02-01,413.0,603.0,40.4,93.6,33,1116,1557,1323,2495,ESP,Zone_A,37,7446,19,0,,386.2
WELL_16,Pad_C,2023-03-01,386.2,634.1,40.8,93.9,31,1122,1484,1439,2487,ESP,Zone_A,38,7446,19,0,,380.1
WELL_16,Pad_C,2023-04-01,380.1,602.9,41.9,93.6,33,1130,1501,1403,2415,ESP,Zone_A,39,7446,19,0,,377.0
WELL_16,Pad_C,2023-05-01,377.0,582.6,42.1,95.9,31,1099,1497,1409,2330,ESP,Zone_A,40,7446,19,0,,390.5
WELL_16,Pad_C,2023-06-01,390.5,591.9,40.7,93.4,29,1114,1576,1297,2422,ESP,Zone_A,41,7446,19,1,acid_job,389.8
WELL_16,Pad_C,2023-07-01,389.8,599.0,41.9,96.5,33,1058,1535,1323,2347,ESP,Zone_A,42,7446,19,0,,347.0
WELL_16,Pad_C,2023-08-01,347.0,544.0,45.4,95.1,33,1068,1489,1314,2376,ESP,Zone_A,43,7446,19,0,,357.8
WELL_16,Pad_C,2023-09-01,357.8,534.6,43.6,95.1,29,1099,1506,1279,2408,ESP,Zone_A,44,7446,19,0,,351.7
WELL_16,Pad_C,2023-10-01,351.7,492.8,43.6,95.0,30,1069,1560,1368,2349,ESP,Zone_A,45,7446,19,0,,316.1
WELL_16,Pad_C,2023-11-01,316.1,476.5,43.1,94.2,32,1016,1546,1332,2301,ESP,Zone_A,46,7446,19,0,,289.7
WELL_16,Pad_C,2023-12-01,289.7,460.0,46.4,95.9,31,1099,1443,1334,2337,ESP,Zone_A,47,7446,19,0,,290.6
WELL_16,Pad_C,2024-01-01,290.6,459.8,48.7,96.8,29,1069,1502,1451,2340,ESP,Zone_A,48,7446,19,0,,280.4
WELL_16,Pad_C,2024-02-01,280.4,435.5,45.6,94.1,30,1075,1468,1401,2333,ESP,Zone_A,49,7446,19,0,,273.8
WELL_16,Pad_C,2024-03-01,273.8,394.0,49.8,94.8,29,989,1543,1376,2305,ESP,Zone_A,50,7446,19,0,,250.1
WELL_16,Pad_C,2024-04-01,250.1,420.0,45.5,92.9,32,1033,1445,1449,2373,ESP,Zone_A,51,7446,19,0,,252.7
WELL_16,Pad_C,2024-05-01,252.7,411.8,49.0,94.6,31,1021,1507,1361,2261,ESP,Zone_A,52,7446,19,0,,239.4
WELL_16,Pad_C,2024-06-01,239.4,390.3,47.5,95.5,30,,1475,1441,2384,ESP,Zone_A,53,7446,19,0,,234.1
WELL_16,Pad_C,2024-07-01,234.1,336.7,49.3,93.1,28,1033,1444,1424,2303,ESP,Zone_A,54,7446,19,0,,209.5
WELL_16,Pad_C,2024-08-01,209.5,376.3,49.6,95.0,29,1019,1452,1384,2277,ESP,Zone_A,55,7446,19,0,,214.1
WELL_16,Pad_C,2024-09-01,214.1,327.5,52.0,95.3,27,965,1416,1418,2376,ESP,Zone_A,56,7446,19,0,,184.4
WELL_16,Pad_C,2024-10-01,184.4,310.6,55.6,92.3,32,946,1468,1527,2388,ESP,Zone_A,57,7446,19,0,,209.5
WELL_16,Pad_C,2024-11-01,209.5,354.7,49.2,95.0,28,952,1480,1548,2319,ESP,Zone_A,58,7446,19,0,,211.0
WELL_16,Pad_C,2024-12-01,211.0,313.7,49.7,92.7,28,1018,1427,1448,2292,ESP,Zone_A,59,7446,19,1,acid_job,216.7
WELL_16,Pad_C,2025-01-01,216.7,319.8,49.2,96.9,29,955,1454,1454,2285,ESP,Zone_A,60,7446,19,0,,195.4
WELL_16,Pad_C,2025-02-01,195.4,309.4,55.9,95.5,32,953,1465,1524,2221,ESP,Zone_A,61,7446,19,0,,163.1
WELL_16,Pad_C,2025-03-01,163.1,306.3,54.9,94.5,31,934,1442,1456,2375,ESP,Zone_A,62,7446,19,0,,166.1
WELL_16,Pad_C,2025-04-01,166.1,255.7,57.9,93.2,32,941,1489,1460,2223,ESP,Zone_A,63,7446,19,0,,160.2
WELL_16,Pad_C,2025-05-01,160.2,287.5,59.4,94.1,31,974,1416,1434,2351,ESP,Zone_A,64,7446,19,0,,144.6
WELL_16,Pad_C,2025-06-01,144.6,267.6,55.3,94.6,31,980,1462,1547,2285,ESP,Zone_A,65,7446,19,0,,131.5
WELL_16,Pad_C,2025-07-01,131.5,247.8,58.8,91.8,27,950,1435,1568,2218,ESP,Zone_A,66,7446,19,0,,154.0
WELL_16,Pad_C,2025-08-01,154.0,239.2,51.6,94.6,32,974,1447,1580,2307,ESP,Zone_A,67,7446,19,0,,143.0
WELL_16,Pad_C,2025-09-01,143.0,257.4,61.2,95.2,31,954,1375,1512,2216,ESP,Zone_A,68,7446,19,0,,139.6
WELL_16,Pad_C,2025-10-01,139.6,213.9,54.1,95.1,30,938,1456,1602,2215,ESP,Zone_A,69,7446,19,0,,136.3
WELL_16,Pad_C,2025-11-01,136.3,212.6,57.9,92.3,28,962,1358,1560,2250,ESP,Zone_A,70,7446,19,0,,134.0
WELL_16,Pad_C,2025-12-01,134.0,217.7,54.7,91.9,31,944,1374,1523,2194,ESP,Zone_A,71,7446,19,0,,
WELL_17,Pad_C,2023-01-01,400.2,561.3,42.2,95.3,31,1085,1514,1297,2435,GasLift,Zone_B,38,8106,25,0,,381.6
WELL_17,Pad_C,2023-02-01,381.6,535.6,41.6,93.9,30,1137,1558,1364,2445,GasLift,Zone_B,39,8106,25,0,,377.8
WELL_17,Pad_C,2023-03-01,377.8,516.1,42.1,94.3,34,1163,1584,1401,2422,GasLift,Zone_B,40,8106,25,0,,363.4
WELL_17,Pad_C,2023-04-01,363.4,557.6,44.4,95.0,31,1153,1535,1335,2360,GasLift,Zone_B,41,8106,25,0,,372.7
WELL_17,Pad_C,2023-05-01,372.7,541.9,44.3,95.6,29,1058,1469,1259,2460,GasLift,Zone_B,42,8106,25,0,,371.7
WELL_17,Pad_C,2023-06-01,371.7,532.9,43.5,95.8,33,1067,1497,1379,2361,GasLift,Zone_B,43,8106,25,0,,353.7
WELL_17,Pad_C,2023-07-01,353.7,505.6,47.0,96.7,29,1047,1483,1240,2347,GasLift,Zone_B,44,8106,25,0,,316.2
WELL_17,Pad_C,2023-08-01,316.2,494.9,46.0,88.2,31,1077,1553,1337,2319,GasLift,Zone_B,45,8106,25,1,pump_change,349.1
WELL_17,Pad_C,2023-09-01,349.1,492.3,44.1,94.1,33,1084,1518,1361,2383,GasLift,Zone_B,46,8106,25,0,,355.2
WELL_17,Pad_C,2023-10-01,355.2,511.7,46.9,96.9,28,1085,1525,1275,2389,GasLift,Zone_B,47,8106,25,0,,336.6
WELL_17,Pad_C,2023-11-01,336.6,505.7,45.2,95.7,30,1111,1511,1220,2449,GasLift,Zone_B,48,8106,25,0,,302.2
WELL_17,Pad_C,2023-12-01,302.2,445.2,49.7,97.1,31,1023,1441,1329,2335,GasLift,Zone_B,49,8106,25,0,,311.3
WELL_17,Pad_C,2024-01-01,311.3,433.0,48.3,,33,1087,1442,1369,2303,GasLift,Zone_B,50,8106,25,0,,299.8
WELL_17,Pad_C,2024-02-01,299.8,458.0,49.8,95.1,30,1073,1465,1350,2293,GasLift,Zone_B,51,8106,25,0,,282.8
WELL_17,Pad_C,2024-03-01,282.8,424.5,48.5,94.5,31,1028,1514,1378,2371,GasLift,Zone_B,52,8106,25,0,,268.5
WELL_17,Pad_C,2024-04-01,268.5,413.5,49.9,93.6,31,994,1479,1357,2351,GasLift,Zone_B,53,8106,25,0,,250.2
WELL_17,Pad_C,2024-05-01,250.2,380.0,49.7,93.3,32,1059,1478,1312,2266,GasLift,Zone_B,54,8106,25,0,,251.5
WELL_17,Pad_C,2024-06-01,251.5,417.4,50.0,95.8,31,992,1442,1287,2339,GasLift,Zone_B,55,8106,25,0,,257.7
WELL_17,Pad_C,2024-07-01,257.7,377.6,50.4,92.8,32,992,1478,1356,2362,GasLift,Zone_B,56,8106,25,0,,219.2
WELL_17,Pad_C,2024-08-01,219.2,353.9,54.5,93.4,31,1012,1508,1310,2335,GasLift,Zone_B,57,8106,25,0,,237.8
WELL_17,Pad_C,2024-09-01,237.8,393.8,53.0,96.1,33,1009,1458,1401,2405,GasLift,Zone_B,58,8106,25,0,,219.0
WELL_17,Pad_C,2024-10-01,219.0,373.5,52.8,92.9,27,952,1397,1467,2381,GasLift,Zone_B,59,8106,25,0,,216.9
WELL_17,Pad_C,2024-11-01,216.9,348.1,53.8,95.7,28,966,1447,1396,2234,GasLift,Zone_B,60,8106,25,0,,196.5
WELL_17,Pad_C,2024-12-01,196.5,360.2,59.2,96.1,30,943,1456,1462,2235,GasLift,Zone_B,61,8106,25,0,,208.7
WELL_17,Pad_C,2025-01-01,208.7,347.5,60.0,95.0,30,973,1418,1414,2304,GasLift,Zone_B,62,8106,25,0,,200.1
WELL_17,Pad_C,2025-02-01,200.1,336.3,58.8,95.3,30,955,1417,1353,2369,GasLift,Zone_B,63,8106,25,0,,185.3
WELL_17,Pad_C,2025-03-01,185.3,351.6,60.4,95.3,27,933,1399,1403,2252,GasLift,Zone_B,64,8106,25,0,,200.8
WELL_17,Pad_C,2025-04-01,200.8,338.0,58.4,94.4,27,932,1457,1506,2350,GasLift,Zone_B,65,8106,25,0,,189.4
WELL_17,Pad_C,2025-05-01,189.4,291.4,60.4,94.2,28,970,1448,1376,2237,GasLift,Zone_B,66,8106,25,0,,186.7
WELL_17,Pad_C,2025-06-01,186.7,321.7,62.6,93.0,27,884,1469,1415,2226,GasLift,Zone_B,67,8106,25,0,,175.7
WELL_17,Pad_C,2025-07-01,175.7,337.6,52.7,94.7,27,914,1390,1413,2255,GasLift,Zone_B,68,8106,25,0,,196.8
WELL_17,Pad_C,2025-08-01,196.8,283.8,53.8,93.7,30,957,1467,1428,2268,GasLift,Zone_B,69,8106,25,0,,189.8
WELL_17,Pad_C,2025-09-01,189.8,277.1,60.5,95.5,31,874,1364,1457,2334,GasLift,Zone_B,70,8106,25,0,,171.5
WELL_17,Pad_C,2025-10-01,171.5,287.0,59.8,94.9,27,934,1388,1376,2325,GasLift,Zone_B,71,8106,25,0,,175.9
WELL_17,Pad_C,2025-11-01,175.9,263.0,57.6,92.5,29,872,1388,1471,2238,GasLift,Zone_B,72,8106,25,0,,163.7
WELL_17,Pad_C,2025-12-01,163.7,256.3,59.3,95.6,28,,1395,1483,2307,GasLift,Zone_B,73,8106,25,0,,
WELL_18,Pad_C,2023-01-01,341.3,595.2,46.5,97.7,29,1098,1597,1524,2340,RodPump,Zone_C,40,8473,29,0,,325.5
WELL_18,Pad_C,2023-02-01,325.5,565.9,46.5,96.2,33,1127,1538,1540,2393,RodPump,Zone_C,41,8473,29,0,,291.0
WELL_18,Pad_C,2023-03-01,291.0,534.3,48.1,93.2,30,1107,1582,1600,2396,RodPump,Zone_C,42,8473,29,0,,301.6
WELL_18,Pad_C,2023-04-01,301.6,554.4,48.5,97.3,33,1088,1491,1532,2322,RodPump,Zone_C,43,8473,29,0,,276.0
WELL_18,Pad_C,2023-05-01,276.0,531.2,48.0,94.3,29,1098,1526,1602,2339,RodPump,Zone_C,44,8473,29,0,,286.7
WELL_18,Pad_C,2023-06-01,286.7,487.6,48.7,96.4,34,1046,1467,1537,2414,RodPump,Zone_C,45,8473,29,0,,300.2
WELL_18,Pad_C,2023-07-01,300.2,509.3,,96.5,31,1132,1552,1634,2399,RodPump,Zone_C,46,8473,29,0,,260.6
WELL_18,Pad_C,2023-08-01,260.6,466.5,50.5,94.3,33,1096,1532,1590,2386,RodPump,Zone_C,47,8473,29,0,,257.5
WELL_18,Pad_C,2023-09-01,257.5,455.2,51.4,93.4,32,1100,1457,1486,2445,RodPump,Zone_C,48,8473,29,0,,273.8
WELL_18,Pad_C,2023-10-01,273.8,457.5,52.2,95.2,30,1036,1503,1546,2364,RodPump,Zone_C,49,8473,29,0,,233.8
WELL_18,Pad_C,2023-11-01,233.8,435.0,53.5,93.5,32,1014,1524,1619,2305,RodPump,Zone_C,50,8473,29,0,,232.7
WELL_18,Pad_C,2023-12-01,232.7,434.1,55.2,,31,1036,1450,1577,2287,RodPump,Zone_C,51,8473,29,0,,231.5
WELL_18,Pad_C,2024-01-01,231.5,451.0,51.8,96.4,29,,1437,1634,2427,RodPump,Zone_C,52,8473,29,0,,236.6
WELL_18,Pad_C,2024-02-01,236.6,438.9,51.6,96.8,30,1046,1495,1641,2404,RodPump,Zone_C,53,8473,29,0,,224.6
WELL_18,Pad_C,2024-03-01,224.6,395.2,54.8,94.7,30,1023,1527,1557,2402,RodPump,Zone_C,54,8473,29,0,,223.4
WELL_18,Pad_C,2024-04-01,223.4,420.8,54.2,96.9,32,1049,1497,1653,2382,RodPump,Zone_C,55,8473,29,0,,197.1
WELL_18,Pad_C,2024-05-01,197.1,384.5,56.2,95.3,28,1029,1485,1532,2354,RodPump,Zone_C,56,8473,29,0,,199.4
WELL_18,Pad_C,2024-06-01,199.4,389.4,53.2,92.8,27,1045,1441,1647,2404,RodPump,Zone_C,57,8473,29,0,,191.1
WELL_18,Pad_C,2024-07-01,191.1,353.4,54.6,96.8,27,999,1457,1683,2302,RodPump,Zone_C,58,8473,29,0,,184.0
WELL_18,Pad_C,2024-08-01,184.0,331.5,53.2,93.8,28,982,1452,1583,2348,RodPump,Zone_C,59,8473,29,0,,191.5
WELL_18,Pad_C,2024-09-01,191.5,353.1,56.3,94.3,29,981,1499,1587,2274,RodPump,Zone_C,60,8473,29,0,,159.4
WELL_18,Pad_C,2024-10-01,159.4,350.8,59.4,92.8,27,980,1444,1656,2304,RodPump,Zone_C,61,8473,29,0,,165.9
WELL_18,Pad_C,2024-11-01,165.9,302.1,63.3,93.1,30,1005,1428,1654,2245,RodPump,Zone_C,62,8473,29,0,,165.8
WELL_18,Pad_C,2024-12-01,165.8,345.3,57.3,95.2,30,968,1497,1672,2226,RodPump,Zone_C,63,8473,29,0,,161.3
WELL_18,Pad_C,2025-01-01,161.3,320.2,63.9,97.0,29,972,1484,1670,2281,RodPump,Zone_C,64,8473,29,0,,152.1
WELL_18,Pad_C,2025-02-01,152.1,310.0,55.6,94.3,28,956,1394,1640,2312,RodPump,Zone_C,65,8473,29,0,,161.5
WELL_18,Pad_C,2025-03-01,161.5,285.9,65.2,95.3,29,924,1466,1697,2254,RodPump,Zone_C,66,8473,29,0,,142.3
WELL_18,Pad_C,2025-04-01,142.3,316.7,62.5,95.7,30,895,1429,1774,2322,RodPump,Zone_C,67,8473,29,0,,144.5
WELL_18,Pad_C,2025-05-01,144.5,275.3,65.2,95.4,30,895,1371,1768,2318,RodPump,Zone_C,68,8473,29,0,,127.6
WELL_18,Pad_C,2025-06-01,127.6,252.1,65.0,92.7,31,952,1365,1711,2358,RodPump,Zone_C,69,8473,29,0,,133.5
WELL_18,Pad_C,2025-07-01,133.5,262.5,,92.7,27,946,1396,1754,2234,RodPump,Zone_C,70,8473,29,0,,120.3
WELL_18,Pad_C,2025-08-01,120.3,254.7,68.6,92.3,27,951,1403,1778,2287,RodPump,Zone_C,71,8473,29,0,,114.6
WELL_18,Pad_C,2025-09-01,114.6,257.0,65.2,93.9,27,878,1359,1679,2282,RodPump,Zone_C,72,8473,29,0,,134.7
WELL_18,Pad_C,2025-10-01,134.7,279.3,59.1,89.4,29,892,1415,1663,2340,RodPump,Zone_C,73,8473,29,1,pump_change,135.6
WELL_18,Pad_C,2025-11-01,135.6,235.3,,96.2,28,917,1399,1654,2306,RodPump,Zone_C,74,8473,29,0,,136.9
WELL_18,Pad_C,2025-12-01,136.9,235.8,63.3,91.5,27,857,1408,1604,2297,RodPump,Zone_C,75,8473,29,0,,
